Sample,Target,Cq,SD
I.GFP.10.2nd,ACT7,19.69993728,0.006674409
I.GFP.10.2nd,ACT7,19.70937632,0.006674409
I.GFP.10.2nd,ACT7,NA,NA
I.GFP.10.2nd,HYD1,24.78393461,0.039891684
I.GFP.10.2nd,HYD1,24.72751925,0.039891684
I.GFP.10.2nd,HYD1,NA,NA
I.GFP.10.2nd,PP2A1,25.2459849,0.027964984
I.GFP.10.2nd,PP2A1,25.28553336,0.027964984
I.GFP.10.2nd,PP2A1,NA,NA
I.GFP.10.2nd,TBL6,27.50538257,0.103804697
I.GFP.10.2nd,TBL6,27.65218458,0.103804697
I.GFP.10.2nd,TBL6,NA,NA
I.GFP.10.2nd,TMN5,27.71759531,0.004019817
I.GFP.10.2nd,TMN5,27.71191043,0.004019817
I.GFP.10.2nd,TMN5,NA,NA
I.GFP.10.2nd,UBQ14,19.76828854,0.065898399
I.GFP.10.2nd,UBQ14,19.86148295,0.065898399
I.GFP.10.2nd,UBQ14,NA,NA
I.GFP.10.2nd,UBQ7,24.62158385,0.048259027
I.GFP.10.2nd,UBQ7,24.55333528,0.048259027
I.GFP.10.2nd,UBQ7,NA,NA
I.GFP.10.4th,ACT7,21.03070982,0.001458874
I.GFP.10.4th,ACT7,21.03277298,0.001458874
I.GFP.10.4th,ACT7,NA,NA
I.GFP.10.4th,HYD1,25.78210169,0.150526869
I.GFP.10.4th,HYD1,25.99497883,0.150526869
I.GFP.10.4th,HYD1,NA,NA
I.GFP.10.4th,PP2A1,26.02386979,0.110013441
I.GFP.10.4th,PP2A1,26.17945229,0.110013441
I.GFP.10.4th,PP2A1,NA,NA
I.GFP.10.4th,TBL6,28.57279741,0.080432732
I.GFP.10.4th,TBL6,28.45904835,0.080432732
I.GFP.10.4th,TBL6,NA,NA
I.GFP.10.4th,TMN5,28.47341385,0.040824053
I.GFP.10.4th,TMN5,28.41567992,0.040824053
I.GFP.10.4th,TMN5,NA,NA
I.GFP.10.4th,UBQ14,26.49888414,0.175842324
I.GFP.10.4th,UBQ14,26.25020554,0.175842324
I.GFP.10.4th,UBQ14,NA,NA
I.GFP.10.4th,UBQ7,21.08252163,0.026648203
I.GFP.10.4th,UBQ7,21.04483538,0.026648203
I.GFP.10.4th,UBQ7,NA,NA
I.GFP.11.2nd,ACT7,20.2374076,0.00319917
I.GFP.11.2nd,ACT7,20.24193191,0.00319917
I.GFP.11.2nd,ACT7,NA,NA
I.GFP.11.2nd,HYD1,27.42391414,0.068999494
I.GFP.11.2nd,HYD1,27.52149416,0.068999494
I.GFP.11.2nd,HYD1,NA,NA
I.GFP.11.2nd,PP2A1,26.13956177,0.054432401
I.GFP.11.2nd,PP2A1,26.21654081,0.054432401
I.GFP.11.2nd,PP2A1,NA,NA
I.GFP.11.2nd,TBL6,29.82250321,0.035594673
I.GFP.11.2nd,TBL6,29.77216474,0.035594673
I.GFP.11.2nd,TBL6,NA,NA
I.GFP.11.2nd,TMN5,30.10105307,0.041068133
I.GFP.11.2nd,TMN5,30.04297396,0.041068133
I.GFP.11.2nd,TMN5,NA,NA
I.GFP.11.2nd,UBQ14,21.80338507,0.077706043
I.GFP.11.2nd,UBQ14,21.69349213,0.077706043
I.GFP.11.2nd,UBQ14,NA,NA
I.GFP.11.2nd,UBQ7,26.12630602,0.036862092
I.GFP.11.2nd,UBQ7,26.17843689,0.036862092
I.GFP.11.2nd,UBQ7,NA,NA
I.GFP.11.4th,ACT7,20.14333881,0.020067351
I.GFP.11.4th,ACT7,20.11495929,0.020067351
I.GFP.11.4th,ACT7,NA,NA
I.GFP.11.4th,HYD1,26.85714461,0.084234668
I.GFP.11.4th,HYD1,26.7380188,0.084234668
I.GFP.11.4th,HYD1,NA,NA
I.GFP.11.4th,PP2A1,25.89668935,0.000725746
I.GFP.11.4th,PP2A1,25.89771571,0.000725746
I.GFP.11.4th,PP2A1,NA,NA
I.GFP.11.4th,TBL6,29.56674465,0.000176473
I.GFP.11.4th,TBL6,29.56699422,0.000176473
I.GFP.11.4th,TBL6,NA,NA
I.GFP.11.4th,TMN5,28.72088328,0.058677319
I.GFP.11.4th,TMN5,28.80386554,0.058677319
I.GFP.11.4th,TMN5,NA,NA
I.GFP.11.4th,UBQ14,25.60510932,0.020843818
I.GFP.11.4th,UBQ14,25.63458693,0.020843818
I.GFP.11.4th,UBQ14,NA,NA
I.GFP.11.4th,UBQ7,21.92211056,0.03697595
I.GFP.11.4th,UBQ7,21.86981867,0.03697595
I.GFP.11.4th,UBQ7,NA,NA
I.GFP.12.2nd,ACT7,21.12000187,0.238292624
I.GFP.12.2nd,ACT7,21.45699853,0.238292624
I.GFP.12.2nd,ACT7,NA,NA
I.GFP.12.2nd,HYD1,28.00468284,0.01681087
I.GFP.12.2nd,HYD1,28.028457,0.01681087
I.GFP.12.2nd,HYD1,NA,NA
I.GFP.12.2nd,PP2A1,26.55858144,0.107696966
I.GFP.12.2nd,PP2A1,26.71088795,0.107696966
I.GFP.12.2nd,PP2A1,NA,NA
I.GFP.12.2nd,TBL6,30.40178558,0.27839767
I.GFP.12.2nd,TBL6,30.00807182,0.27839767
I.GFP.12.2nd,TBL6,NA,NA
I.GFP.12.2nd,TMN5,28.95920099,0.098770832
I.GFP.12.2nd,TMN5,29.09888404,0.098770832
I.GFP.12.2nd,TMN5,NA,NA
I.GFP.12.2nd,UBQ14,26.66615428,0.357894666
I.GFP.12.2nd,UBQ14,26.16001479,0.357894666
I.GFP.12.2nd,UBQ14,NA,NA
I.GFP.12.2nd,UBQ7,20.77835967,0.064132612
I.GFP.12.2nd,UBQ7,20.86905688,0.064132612
I.GFP.12.2nd,UBQ7,NA,NA
I.GFP.13.2nd,ACT7,20.62833173,0.023957209
I.GFP.13.2nd,ACT7,20.66221234,0.023957209
I.GFP.13.2nd,ACT7,NA,NA
I.GFP.13.2nd,HYD1,27.36523182,0.049440411
I.GFP.13.2nd,HYD1,27.29531252,0.049440411
I.GFP.13.2nd,HYD1,NA,NA
I.GFP.13.2nd,PP2A1,26.08906215,0.029147472
I.GFP.13.2nd,PP2A1,26.1302829,0.029147472
I.GFP.13.2nd,PP2A1,NA,NA
I.GFP.13.2nd,TBL6,29.65575314,0.0676396
I.GFP.13.2nd,TBL6,29.75140998,0.0676396
I.GFP.13.2nd,TBL6,NA,NA
I.GFP.13.2nd,TMN5,29.10164474,0.042003543
I.GFP.13.2nd,TMN5,29.16104672,0.042003543
I.GFP.13.2nd,TMN5,NA,NA
I.GFP.13.2nd,UBQ14,26.31685855,0.058934246
I.GFP.13.2nd,UBQ14,26.40020416,0.058934246
I.GFP.13.2nd,UBQ14,NA,NA
I.GFP.13.2nd,UBQ7,20.75784225,8.341792311
I.GFP.13.2nd,UBQ7,21.64776862,8.341792311
I.GFP.13.2nd,UBQ7,35.63064381,8.341792311
I.GFP.13.4th,ACT7,21.06041786,0.002075754
I.GFP.13.4th,ACT7,21.0574823,0.002075754
I.GFP.13.4th,ACT7,NA,NA
I.GFP.13.4th,HYD1,27.88346889,0.154125336
I.GFP.13.4th,HYD1,28.10143503,0.154125336
I.GFP.13.4th,HYD1,NA,NA
I.GFP.13.4th,PP2A1,27.27431263,0.086578642
I.GFP.13.4th,PP2A1,27.39675332,0.086578642
I.GFP.13.4th,PP2A1,NA,NA
I.GFP.13.4th,TBL6,31.10403683,0.203103299
I.GFP.13.4th,TBL6,31.39126827,0.203103299
I.GFP.13.4th,TBL6,NA,NA
I.GFP.13.4th,TMN5,29.54256701,0.002934691
I.GFP.13.4th,TMN5,29.54671729,0.002934691
I.GFP.13.4th,TMN5,NA,NA
I.GFP.13.4th,UBQ14,27.52770552,0.028957324
I.GFP.13.4th,UBQ14,27.48675368,0.028957324
I.GFP.13.4th,UBQ14,NA,NA
I.GFP.13.4th,UBQ7,23.29851142,0.167898934
I.GFP.13.4th,UBQ7,23.06106647,0.167898934
I.GFP.13.4th,UBQ7,NA,NA
I.GFP.14.2nd,ACT7,20.45259127,0.125389393
I.GFP.14.2nd,ACT7,20.62991865,0.125389393
I.GFP.14.2nd,ACT7,NA,NA
I.GFP.14.2nd,HYD1,27.60256482,0.073893274
I.GFP.14.2nd,HYD1,27.49806395,0.073893274
I.GFP.14.2nd,HYD1,NA,NA
I.GFP.14.2nd,PP2A1,26.68264033,0.007900985
I.GFP.14.2nd,PP2A1,26.67146665,0.007900985
I.GFP.14.2nd,PP2A1,NA,NA
I.GFP.14.2nd,TBL6,29.44449467,0.040957767
I.GFP.14.2nd,TBL6,29.5024177,0.040957767
I.GFP.14.2nd,TBL6,NA,NA
I.GFP.14.2nd,TMN5,30.0496649,0.149467454
I.GFP.14.2nd,TMN5,29.838286,0.149467454
I.GFP.14.2nd,TMN5,NA,NA
I.GFP.14.2nd,UBQ14,26.77804273,0.023581488
I.GFP.14.2nd,UBQ14,26.81139199,0.023581488
I.GFP.14.2nd,UBQ14,NA,NA
I.GFP.14.2nd,UBQ7,21.28512096,0.032834977
I.GFP.14.2nd,UBQ7,21.23868529,0.032834977
I.GFP.14.2nd,UBQ7,NA,NA
I.GFP.14.4th,ACT7,25.63552488,0.038817192
I.GFP.14.4th,ACT7,25.58062908,0.038817192
I.GFP.14.4th,ACT7,NA,NA
I.GFP.14.4th,HYD1,31.16173787,0.083756947
I.GFP.14.4th,HYD1,31.04328766,0.083756947
I.GFP.14.4th,HYD1,NA,NA
I.GFP.14.4th,PP2A1,31.62214369,0.055104527
I.GFP.14.4th,PP2A1,31.70007326,0.055104527
I.GFP.14.4th,PP2A1,NA,NA
I.GFP.14.4th,TBL6,NA,NA
I.GFP.14.4th,TBL6,NA,NA
I.GFP.14.4th,TBL6,NA,NA
I.GFP.14.4th,TMN5,35.71600597,1.108009606
I.GFP.14.4th,TMN5,34.31622992,1.108009606
I.GFP.14.4th,TMN5,33.52832558,1.108009606
I.GFP.14.4th,UBQ14,31.50133877,0.058364516
I.GFP.14.4th,UBQ14,31.41879888,0.058364516
I.GFP.14.4th,UBQ14,NA,NA
I.GFP.14.4th,UBQ7,27.85951441,0.027321821
I.GFP.14.4th,UBQ7,27.82087552,0.027321821
I.GFP.14.4th,UBQ7,NA,NA
I.GFP.15.2nd,ACT7,21.33354064,0.017869345
I.GFP.15.2nd,ACT7,21.30826957,0.017869345
I.GFP.15.2nd,ACT7,NA,NA
I.GFP.15.2nd,PP2A1,27.67008436,0.024439364
I.GFP.15.2nd,PP2A1,27.70464684,0.024439364
I.GFP.15.2nd,PP2A1,NA,NA
I.GFP.15.2nd,TBL6,31.13646891,0.271147279
I.GFP.15.2nd,TBL6,31.51992907,0.271147279
I.GFP.15.2nd,TBL6,NA,NA
I.GFP.15.2nd,TMN5,31.16569274,0.142744657
I.GFP.15.2nd,TMN5,31.36756417,0.142744657
I.GFP.15.2nd,TMN5,NA,NA
I.GFP.15.2nd,UBQ14,27.49219946,0.03525983
I.GFP.15.2nd,UBQ14,27.44233453,0.03525983
I.GFP.15.2nd,UBQ14,NA,NA
I.GFP.15.2nd,UBQ7,22.886488,0.09754876
I.GFP.15.2nd,UBQ7,22.74853322,0.09754876
I.GFP.15.2nd,UBQ7,NA,NA
I.GFP.16.2nd,ACT7,20.41708734,0.013042811
I.GFP.16.2nd,ACT7,20.39864202,0.013042811
I.GFP.16.2nd,ACT7,NA,NA
I.GFP.16.2nd,HYD1,27.18688861,0.08118853
I.GFP.16.2nd,HYD1,27.30170653,0.08118853
I.GFP.16.2nd,HYD1,NA,NA
I.GFP.16.2nd,PP2A1,26.43621692,0.117679737
I.GFP.16.2nd,PP2A1,26.6026412,0.117679737
I.GFP.16.2nd,PP2A1,NA,NA
I.GFP.16.2nd,TBL6,NA,NA
I.GFP.16.2nd,TBL6,NA,NA
I.GFP.16.2nd,TBL6,NA,NA
I.GFP.16.2nd,TMN5,29.52446685,0.027805518
I.GFP.16.2nd,TMN5,29.48514391,0.027805518
I.GFP.16.2nd,TMN5,NA,NA
I.GFP.16.2nd,UBQ14,25.87637224,NA
I.GFP.16.2nd,UBQ14,NA,NA
I.GFP.16.2nd,UBQ14,26.43459589,NA
I.GFP.16.2nd,UBQ7,21.12618842,0.168041303
I.GFP.16.2nd,UBQ7,21.36383471,0.168041303
I.GFP.16.2nd,UBQ7,NA,NA
I.GFP.16.4th,ACT7,23.05307321,0.010276842
I.GFP.16.4th,ACT7,23.06760686,0.010276842
I.GFP.16.4th,ACT7,NA,NA
I.GFP.16.4th,HYD1,30.48169358,0.008774813
I.GFP.16.4th,HYD1,30.49410304,0.008774813
I.GFP.16.4th,HYD1,NA,NA
I.GFP.16.4th,PP2A1,29.80552785,0.074525201
I.GFP.16.4th,PP2A1,29.9109224,0.074525201
I.GFP.16.4th,PP2A1,NA,NA
I.GFP.16.4th,TBL6,NA,NA
I.GFP.16.4th,TBL6,NA,NA
I.GFP.16.4th,TBL6,NA,NA
I.GFP.16.4th,TMN5,32.02115809,0.122161076
I.GFP.16.4th,TMN5,32.19391994,0.122161076
I.GFP.16.4th,TMN5,NA,NA
I.GFP.16.4th,UBQ14,29.80318661,0.047907906
I.GFP.16.4th,UBQ14,29.7354346,0.047907906
I.GFP.16.4th,UBQ14,NA,NA
I.GFP.16.4th,UBQ7,25.21917054,0.013628939
I.GFP.16.4th,UBQ7,25.23844477,0.013628939
I.GFP.16.4th,UBQ7,NA,NA
I.GFP.17.2nd,ACT7,22.5461906,0.001185988
I.GFP.17.2nd,ACT7,22.54786784,0.001185988
I.GFP.17.2nd,ACT7,NA,NA
I.GFP.17.2nd,HYD1,28.95910749,0.092915111
I.GFP.17.2nd,HYD1,28.82770568,0.092915111
I.GFP.17.2nd,HYD1,NA,NA
I.GFP.17.2nd,PP2A1,28.74406788,0.005653326
I.GFP.17.2nd,PP2A1,28.75206289,0.005653326
I.GFP.17.2nd,PP2A1,NA,NA
I.GFP.17.2nd,TBL6,NA,NA
I.GFP.17.2nd,TBL6,NA,NA
I.GFP.17.2nd,TBL6,NA,NA
I.GFP.17.2nd,TMN5,31.24232331,0.076772033
I.GFP.17.2nd,TMN5,31.13375126,0.076772033
I.GFP.17.2nd,TMN5,NA,NA
I.GFP.17.2nd,UBQ14,28.34278668,0.214666956
I.GFP.17.2nd,UBQ14,28.6463716,0.214666956
I.GFP.17.2nd,UBQ14,NA,NA
I.GFP.17.2nd,UBQ7,23.8376554,0.074617146
I.GFP.17.2nd,UBQ7,23.73213082,0.074617146
I.GFP.17.2nd,UBQ7,NA,NA
I.GFP.18.2nd,ACT7,20.54582447,0.046916181
I.GFP.18.2nd,ACT7,20.61217397,0.046916181
I.GFP.18.2nd,ACT7,NA,NA
I.GFP.18.2nd,HYD1,25.81796135,0.051038204
I.GFP.18.2nd,HYD1,25.74578243,0.051038204
I.GFP.18.2nd,HYD1,NA,NA
I.GFP.18.2nd,PP2A1,26.42892882,0.022236967
I.GFP.18.2nd,PP2A1,26.397481,0.022236967
I.GFP.18.2nd,PP2A1,NA,NA
I.GFP.18.2nd,TBL6,28.79474961,0.057745189
I.GFP.18.2nd,TBL6,28.87641364,0.057745189
I.GFP.18.2nd,TBL6,NA,NA
I.GFP.18.2nd,TMN5,28.26771771,0.023119323
I.GFP.18.2nd,TMN5,28.23502205,0.023119323
I.GFP.18.2nd,TMN5,NA,NA
I.GFP.18.2nd,UBQ14,20.79491037,0.102276618
I.GFP.18.2nd,UBQ14,20.93955135,0.102276618
I.GFP.18.2nd,UBQ14,NA,NA
I.GFP.18.2nd,UBQ7,25.73473379,0.004900851
I.GFP.18.2nd,UBQ7,25.74166464,0.004900851
I.GFP.18.2nd,UBQ7,NA,NA
I.GFP.18.4th,ACT7,21.08077585,0.029329969
I.GFP.18.4th,ACT7,21.03929701,0.029329969
I.GFP.18.4th,ACT7,NA,NA
I.GFP.18.4th,HYD1,25.96947606,0.023673284
I.GFP.18.4th,HYD1,26.00295514,0.023673284
I.GFP.18.4th,HYD1,NA,NA
I.GFP.18.4th,PP2A1,26.16961566,0.178759105
I.GFP.18.4th,PP2A1,26.42241921,0.178759105
I.GFP.18.4th,PP2A1,NA,NA
I.GFP.18.4th,TBL6,29.28176413,0.002840505
I.GFP.18.4th,TBL6,29.28578121,0.002840505
I.GFP.18.4th,TBL6,NA,NA
I.GFP.18.4th,TMN5,28.9578454,0.000688269
I.GFP.18.4th,TMN5,28.95881876,0.000688269
I.GFP.18.4th,TMN5,NA,NA
I.GFP.18.4th,UBQ14,21.39233758,0.082078339
I.GFP.18.4th,UBQ14,21.50841388,0.082078339
I.GFP.18.4th,UBQ14,NA,NA
I.GFP.18.4th,UBQ7,26.12091056,0.020946363
I.GFP.18.4th,UBQ7,26.15053319,0.020946363
I.GFP.18.4th,UBQ7,NA,NA
I.GFP.19.2nd,ACT7,20.50309842,0.02921493
I.GFP.19.2nd,ACT7,20.46178227,0.02921493
I.GFP.19.2nd,ACT7,NA,NA
I.GFP.19.2nd,HYD1,27.89917643,0.044314679
I.GFP.19.2nd,HYD1,27.96184685,0.044314679
I.GFP.19.2nd,HYD1,NA,NA
I.GFP.19.2nd,PP2A1,26.13544719,0.051786415
I.GFP.19.2nd,PP2A1,26.20868424,0.051786415
I.GFP.19.2nd,PP2A1,NA,NA
I.GFP.19.2nd,TBL6,NA,NA
I.GFP.19.2nd,TBL6,NA,NA
I.GFP.19.2nd,TBL6,NA,NA
I.GFP.19.2nd,TMN5,31.14562281,0.143253852
I.GFP.19.2nd,TMN5,30.94303127,0.143253852
I.GFP.19.2nd,TMN5,NA,NA
I.GFP.19.2nd,UBQ14,26.33918816,0.02705556
I.GFP.19.2nd,UBQ14,26.3774505,0.02705556
I.GFP.19.2nd,UBQ14,NA,NA
I.GFP.19.2nd,UBQ7,22.41162492,0.02272446
I.GFP.19.2nd,UBQ7,22.44376216,0.02272446
I.GFP.19.2nd,UBQ7,NA,NA
I.GFP.19.4th,ACT7,27.10638012,0.002406631
I.GFP.19.4th,ACT7,27.10297663,0.002406631
I.GFP.19.4th,ACT7,NA,NA
I.GFP.19.4th,HYD1,34.54216745,NA
I.GFP.19.4th,HYD1,NA,NA
I.GFP.19.4th,HYD1,36.01227014,NA
I.GFP.19.4th,PP2A1,33.14679431,0.170407367
I.GFP.19.4th,PP2A1,33.38778672,0.170407367
I.GFP.19.4th,PP2A1,NA,NA
I.GFP.19.4th,TBL6,NA,NA
I.GFP.19.4th,TBL6,NA,NA
I.GFP.19.4th,TBL6,NA,NA
I.GFP.19.4th,TMN5,36.29459118,NA
I.GFP.19.4th,TMN5,36.81330352,NA
I.GFP.19.4th,TMN5,NA,NA
I.GFP.19.4th,UBQ14,31.23350221,0.235677226
I.GFP.19.4th,UBQ14,31.56680014,0.235677226
I.GFP.19.4th,UBQ14,NA,NA
I.GFP.19.4th,UBQ7,35.07154135,NA
I.GFP.19.4th,UBQ7,NA,NA
I.GFP.19.4th,UBQ7,36.27389748,NA
I.GFP.2.2nd,ACT7,21.3446606,0.016819878
I.GFP.2.2nd,ACT7,21.3208737,0.016819878
I.GFP.2.2nd,ACT7,NA,NA
I.GFP.2.2nd,HYD1,27.00545768,0.011511359
I.GFP.2.2nd,HYD1,26.98917816,0.011511359
I.GFP.2.2nd,HYD1,NA,NA
I.GFP.2.2nd,PP2A1,26.27246396,0.042358871
I.GFP.2.2nd,PP2A1,26.33236845,0.042358871
I.GFP.2.2nd,PP2A1,NA,NA
I.GFP.2.2nd,TBL6,28.31349257,0.093954374
I.GFP.2.2nd,TBL6,28.44636412,0.093954374
I.GFP.2.2nd,TBL6,NA,NA
I.GFP.2.2nd,TMN5,29.59979444,0.147828811
I.GFP.2.2nd,TMN5,29.39073293,0.147828811
I.GFP.2.2nd,TMN5,NA,NA
I.GFP.2.2nd,UBQ14,26.37291877,0.117984153
I.GFP.2.2nd,UBQ14,26.20606398,0.117984153
I.GFP.2.2nd,UBQ14,NA,NA
I.GFP.2.2nd,UBQ7,21.53193979,0.003915059
I.GFP.2.2nd,UBQ7,21.52640306,0.003915059
I.GFP.2.2nd,UBQ7,NA,NA
I.GFP.20.2nd,ACT7,20.15976791,0.083000159
I.GFP.20.2nd,ACT7,20.27714786,0.083000159
I.GFP.20.2nd,ACT7,NA,NA
I.GFP.20.2nd,HYD1,27.54657454,0.122050583
I.GFP.20.2nd,HYD1,27.37396895,0.122050583
I.GFP.20.2nd,HYD1,NA,NA
I.GFP.20.2nd,PP2A1,26.12308578,0.02257845
I.GFP.20.2nd,PP2A1,26.15501653,0.02257845
I.GFP.20.2nd,PP2A1,NA,NA
I.GFP.20.2nd,TBL6,28.02885275,0.025220858
I.GFP.20.2nd,TBL6,28.06452043,0.025220858
I.GFP.20.2nd,TBL6,NA,NA
I.GFP.20.2nd,TMN5,30.09812411,0.072748129
I.GFP.20.2nd,TMN5,30.2010055,0.072748129
I.GFP.20.2nd,TMN5,NA,NA
I.GFP.20.2nd,UBQ14,25.45287928,0.044271779
I.GFP.20.2nd,UBQ14,25.39026953,0.044271779
I.GFP.20.2nd,UBQ14,NA,NA
I.GFP.20.2nd,UBQ7,20.41484437,0.010888596
I.GFP.20.2nd,UBQ7,20.43024317,0.010888596
I.GFP.20.2nd,UBQ7,NA,NA
I.GFP.20.4th,ACT7,NA,NA
I.GFP.20.4th,ACT7,23.95042856,NA
I.GFP.20.4th,ACT7,25.15939192,NA
I.GFP.20.4th,HYD1,29.03097217,2.176132295
I.GFP.20.4th,HYD1,31.70961053,2.176132295
I.GFP.20.4th,HYD1,33.34103666,2.176132295
I.GFP.20.4th,PP2A1,28.30124918,NA
I.GFP.20.4th,PP2A1,NA,NA
I.GFP.20.4th,PP2A1,31.28500899,NA
I.GFP.20.4th,TBL6,33.3895894,0.000748932
I.GFP.20.4th,TBL6,33.38853025,0.000748932
I.GFP.20.4th,TBL6,NA,NA
I.GFP.20.4th,TMN5,NA,NA
I.GFP.20.4th,TMN5,NA,NA
I.GFP.20.4th,TMN5,34.29776629,NA
I.GFP.20.4th,UBQ14,NA,NA
I.GFP.20.4th,UBQ14,NA,NA
I.GFP.20.4th,UBQ14,32.15345908,NA
I.GFP.20.4th,UBQ7,22.78423567,0.269818803
I.GFP.20.4th,UBQ7,23.16581708,0.269818803
I.GFP.20.4th,UBQ7,NA,NA
I.GFP.21.2nd,ACT7,20.82294653,0.030628853
I.GFP.21.2nd,ACT7,20.86626227,0.030628853
I.GFP.21.2nd,ACT7,NA,NA
I.GFP.21.2nd,HYD1,27.19447998,0.16413509
I.GFP.21.2nd,HYD1,26.96235791,0.16413509
I.GFP.21.2nd,HYD1,NA,NA
I.GFP.21.2nd,PP2A1,26.95575289,0.039397911
I.GFP.21.2nd,PP2A1,26.90003583,0.039397911
I.GFP.21.2nd,PP2A1,NA,NA
I.GFP.21.2nd,TBL6,30.13388137,0.021579004
I.GFP.21.2nd,TBL6,30.16439869,0.021579004
I.GFP.21.2nd,TBL6,NA,NA
I.GFP.21.2nd,TMN5,29.85871262,0.074296509
I.GFP.21.2nd,TMN5,29.75364149,0.074296509
I.GFP.21.2nd,TMN5,NA,NA
I.GFP.21.2nd,UBQ14,21.96068737,0.009469567
I.GFP.21.2nd,UBQ14,21.97407936,0.009469567
I.GFP.21.2nd,UBQ14,NA,NA
I.GFP.21.2nd,UBQ7,26.30224831,0.003271684
I.GFP.21.2nd,UBQ7,26.30687517,0.003271684
I.GFP.21.2nd,UBQ7,NA,NA
I.GFP.22.2nd,ACT7,20.35555637,0.011442451
I.GFP.22.2nd,ACT7,20.37173844,0.011442451
I.GFP.22.2nd,ACT7,NA,NA
I.GFP.22.2nd,HYD1,26.3193361,0.142352177
I.GFP.22.2nd,HYD1,26.11801972,0.142352177
I.GFP.22.2nd,HYD1,NA,NA
I.GFP.22.2nd,PP2A1,26.35590317,0.084159976
I.GFP.22.2nd,PP2A1,26.23688299,0.084159976
I.GFP.22.2nd,PP2A1,NA,NA
I.GFP.22.2nd,TBL6,NA,NA
I.GFP.22.2nd,TBL6,NA,NA
I.GFP.22.2nd,TBL6,NA,NA
I.GFP.22.2nd,TMN5,28.82902745,0.01338534
I.GFP.22.2nd,TMN5,28.84795718,0.01338534
I.GFP.22.2nd,TMN5,NA,NA
I.GFP.22.2nd,UBQ14,26.15919085,0.198172848
I.GFP.22.2nd,UBQ14,26.43944958,0.198172848
I.GFP.22.2nd,UBQ14,NA,NA
I.GFP.22.2nd,UBQ7,21.13022699,0.011178354
I.GFP.22.2nd,UBQ7,21.14603557,0.011178354
I.GFP.22.2nd,UBQ7,NA,NA
I.GFP.22.4th,ACT7,21.9471227,0.045597745
I.GFP.22.4th,ACT7,22.01160765,0.045597745
I.GFP.22.4th,ACT7,NA,NA
I.GFP.22.4th,HYD1,29.12969665,0.042272519
I.GFP.22.4th,HYD1,29.18947902,0.042272519
I.GFP.22.4th,HYD1,NA,NA
I.GFP.22.4th,PP2A1,28.68889553,0.149775519
I.GFP.22.4th,PP2A1,28.9007101,0.149775519
I.GFP.22.4th,PP2A1,NA,NA
I.GFP.22.4th,TBL6,NA,NA
I.GFP.22.4th,TBL6,NA,NA
I.GFP.22.4th,TBL6,NA,NA
I.GFP.22.4th,TMN5,31.40989525,0.225766849
I.GFP.22.4th,TMN5,31.09061271,0.225766849
I.GFP.22.4th,TMN5,NA,NA
I.GFP.22.4th,UBQ14,28.64727492,0.049156607
I.GFP.22.4th,UBQ14,28.57775698,0.049156607
I.GFP.22.4th,UBQ14,NA,NA
I.GFP.22.4th,UBQ7,23.96110732,0.26565907
I.GFP.22.4th,UBQ7,24.33680598,0.26565907
I.GFP.22.4th,UBQ7,NA,NA
I.GFP.23.2nd,ACT7,19.50880637,0.042607688
I.GFP.23.2nd,ACT7,19.56906274,0.042607688
I.GFP.23.2nd,ACT7,NA,NA
I.GFP.23.2nd,HYD1,28.01816606,0.067004548
I.GFP.23.2nd,HYD1,28.1129248,0.067004548
I.GFP.23.2nd,HYD1,NA,NA
I.GFP.23.2nd,PP2A1,26.11201997,0.01304122
I.GFP.23.2nd,PP2A1,26.13046304,0.01304122
I.GFP.23.2nd,PP2A1,NA,NA
I.GFP.23.2nd,TBL6,29.05818583,0.030934614
I.GFP.23.2nd,TBL6,29.10193398,0.030934614
I.GFP.23.2nd,TBL6,NA,NA
I.GFP.23.2nd,TMN5,29.03754519,0.034769098
I.GFP.23.2nd,TMN5,29.08671612,0.034769098
I.GFP.23.2nd,TMN5,NA,NA
I.GFP.23.2nd,UBQ14,25.4843265,0.109896379
I.GFP.23.2nd,UBQ14,25.63974345,0.109896379
I.GFP.23.2nd,UBQ14,NA,NA
I.GFP.23.2nd,UBQ7,20.44764134,0.057211783
I.GFP.23.2nd,UBQ7,20.36673166,0.057211783
I.GFP.23.2nd,UBQ7,NA,NA
I.GFP.24.2nd,ACT7,21.39012506,0.111320202
I.GFP.24.2nd,ACT7,21.23269452,0.111320202
I.GFP.24.2nd,ACT7,NA,NA
I.GFP.24.2nd,HYD1,28.18777217,0.053403349
I.GFP.24.2nd,HYD1,28.26329591,0.053403349
I.GFP.24.2nd,HYD1,NA,NA
I.GFP.24.2nd,PP2A1,26.98512639,0.069193291
I.GFP.24.2nd,PP2A1,26.8872723,0.069193291
I.GFP.24.2nd,PP2A1,NA,NA
I.GFP.24.2nd,TBL6,NA,NA
I.GFP.24.2nd,TBL6,NA,NA
I.GFP.24.2nd,TBL6,NA,NA
I.GFP.24.2nd,TMN5,30.52871914,0.086527759
I.GFP.24.2nd,TMN5,30.40635041,0.086527759
I.GFP.24.2nd,TMN5,NA,NA
I.GFP.24.2nd,UBQ14,26.91449798,0.096852748
I.GFP.24.2nd,UBQ14,27.05146845,0.096852748
I.GFP.24.2nd,UBQ14,NA,NA
I.GFP.24.2nd,UBQ7,21.88357714,0.049267707
I.GFP.24.2nd,UBQ7,21.9532522,0.049267707
I.GFP.24.2nd,UBQ7,NA,NA
I.GFP.25.2nd,ACT7,20.11775459,0.027626351
I.GFP.25.2nd,ACT7,20.15682415,0.027626351
I.GFP.25.2nd,ACT7,NA,NA
I.GFP.25.2nd,HYD1,27.00873918,0.021854266
I.GFP.25.2nd,HYD1,26.97783258,0.021854266
I.GFP.25.2nd,HYD1,NA,NA
I.GFP.25.2nd,PP2A1,25.89340499,0.136614961
I.GFP.25.2nd,PP2A1,26.08660772,0.136614961
I.GFP.25.2nd,PP2A1,NA,NA
I.GFP.25.2nd,TBL6,28.65101482,0.063984799
I.GFP.25.2nd,TBL6,28.56052665,0.063984799
I.GFP.25.2nd,TBL6,NA,NA
I.GFP.25.2nd,TMN5,28.75407406,0.03655175
I.GFP.25.2nd,TMN5,28.70238208,0.03655175
I.GFP.25.2nd,TMN5,NA,NA
I.GFP.25.2nd,UBQ14,25.94028881,0.032775389
I.GFP.25.2nd,UBQ14,25.98664021,0.032775389
I.GFP.25.2nd,UBQ14,NA,NA
I.GFP.25.2nd,UBQ7,20.92183385,9.680627882
I.GFP.25.2nd,UBQ7,22.0432754,9.680627882
I.GFP.25.2nd,UBQ7,38.22174353,9.680627882
I.GFP.25.4th,ACT7,21.04030607,0.129581589
I.GFP.25.4th,ACT7,20.85705003,0.129581589
I.GFP.25.4th,ACT7,NA,NA
I.GFP.25.4th,HYD1,27.83033347,0.113338533
I.GFP.25.4th,HYD1,27.67004858,0.113338533
I.GFP.25.4th,HYD1,NA,NA
I.GFP.25.4th,PP2A1,27.14017417,0.051176295
I.GFP.25.4th,PP2A1,27.21254838,0.051176295
I.GFP.25.4th,PP2A1,NA,NA
I.GFP.25.4th,TBL6,31.61114169,0.004655386
I.GFP.25.4th,TBL6,31.6177254,0.004655386
I.GFP.25.4th,TBL6,NA,NA
I.GFP.25.4th,TMN5,29.66224749,0.000377538
I.GFP.25.4th,TMN5,29.66171357,0.000377538
I.GFP.25.4th,TMN5,NA,NA
I.GFP.25.4th,UBQ14,27.80554373,0.018294118
I.GFP.25.4th,UBQ14,27.83141552,0.018294118
I.GFP.25.4th,UBQ14,NA,NA
I.GFP.25.4th,UBQ7,22.86424931,0.064489531
I.GFP.25.4th,UBQ7,22.77304734,0.064489531
I.GFP.25.4th,UBQ7,NA,NA
I.GFP.26.2nd,ACT7,21.54057864,0.064990743
I.GFP.26.2nd,ACT7,21.63248943,0.064990743
I.GFP.26.2nd,ACT7,NA,NA
I.GFP.26.2nd,HYD1,27.34708961,0.005786191
I.GFP.26.2nd,HYD1,27.35527252,0.005786191
I.GFP.26.2nd,HYD1,NA,NA
I.GFP.26.2nd,PP2A1,26.91048717,0.030320866
I.GFP.26.2nd,PP2A1,26.95336735,0.030320866
I.GFP.26.2nd,PP2A1,NA,NA
I.GFP.26.2nd,TBL6,30.71182769,0.016680854
I.GFP.26.2nd,TBL6,30.73541798,0.016680854
I.GFP.26.2nd,TBL6,NA,NA
I.GFP.26.2nd,TMN5,30.36021709,0.27609697
I.GFP.26.2nd,TMN5,29.96975701,0.27609697
I.GFP.26.2nd,TMN5,NA,NA
I.GFP.26.2nd,UBQ14,22.25051776,0.031687626
I.GFP.26.2nd,UBQ14,22.29533083,0.031687626
I.GFP.26.2nd,UBQ14,NA,NA
I.GFP.26.2nd,UBQ7,26.94288046,0.007704643
I.GFP.26.2nd,UBQ7,26.95377647,0.007704643
I.GFP.26.2nd,UBQ7,NA,NA
I.GFP.26.4th,ACT7,21.66498897,0.030528289
I.GFP.26.4th,ACT7,21.62181545,0.030528289
I.GFP.26.4th,ACT7,NA,NA
I.GFP.26.4th,HYD1,28.04553863,0.023225233
I.GFP.26.4th,HYD1,28.01269319,0.023225233
I.GFP.26.4th,HYD1,NA,NA
I.GFP.26.4th,PP2A1,26.68452079,0.301736549
I.GFP.26.4th,PP2A1,27.11124071,0.301736549
I.GFP.26.4th,PP2A1,NA,NA
I.GFP.26.4th,TBL6,30.6844584,0.032249974
I.GFP.26.4th,TBL6,30.63885005,0.032249974
I.GFP.26.4th,TBL6,NA,NA
I.GFP.26.4th,TMN5,30.78382376,0.120914185
I.GFP.26.4th,TMN5,30.95482224,0.120914185
I.GFP.26.4th,TMN5,NA,NA
I.GFP.26.4th,UBQ14,22.28413843,0.012387662
I.GFP.26.4th,UBQ14,22.26661963,0.012387662
I.GFP.26.4th,UBQ14,NA,NA
I.GFP.26.4th,UBQ7,27.45398276,0.039667835
I.GFP.26.4th,UBQ7,27.39788397,0.039667835
I.GFP.26.4th,UBQ7,NA,NA
I.GFP.27.2nd,ACT7,22.34611776,0.061566006
I.GFP.27.2nd,ACT7,22.25905028,0.061566006
I.GFP.27.2nd,ACT7,NA,NA
I.GFP.27.2nd,HYD1,29.11604716,0.075531237
I.GFP.27.2nd,HYD1,29.22286446,0.075531237
I.GFP.27.2nd,HYD1,NA,NA
I.GFP.27.2nd,PP2A1,28.11063619,0.180927249
I.GFP.27.2nd,PP2A1,27.85476642,0.180927249
I.GFP.27.2nd,PP2A1,NA,NA
I.GFP.27.2nd,TBL6,NA,NA
I.GFP.27.2nd,TBL6,NA,NA
I.GFP.27.2nd,TBL6,NA,NA
I.GFP.27.2nd,TMN5,32.03288244,0.221774432
I.GFP.27.2nd,TMN5,31.71924603,0.221774432
I.GFP.27.2nd,TMN5,NA,NA
I.GFP.27.2nd,UBQ14,28.28534939,0.048601196
I.GFP.27.2nd,UBQ14,28.35408186,0.048601196
I.GFP.27.2nd,UBQ14,NA,NA
I.GFP.27.2nd,UBQ7,23.53883953,0.187361412
I.GFP.27.2nd,UBQ7,23.80380858,0.187361412
I.GFP.27.2nd,UBQ7,NA,NA
I.GFP.27.4th,ACT7,21.18477343,0.018677816
I.GFP.27.4th,ACT7,21.15835901,0.018677816
I.GFP.27.4th,ACT7,NA,NA
I.GFP.27.4th,HYD1,27.76452468,0.002717906
I.GFP.27.4th,HYD1,27.76836838,0.002717906
I.GFP.27.4th,HYD1,NA,NA
I.GFP.27.4th,PP2A1,26.71543779,0.096140282
I.GFP.27.4th,PP2A1,26.85140068,0.096140282
I.GFP.27.4th,PP2A1,NA,NA
I.GFP.27.4th,TBL6,NA,NA
I.GFP.27.4th,TBL6,NA,NA
I.GFP.27.4th,TBL6,NA,NA
I.GFP.27.4th,TMN5,31.10663128,0.116110929
I.GFP.27.4th,TMN5,31.27083693,0.116110929
I.GFP.27.4th,TMN5,NA,NA
I.GFP.27.4th,UBQ14,27.14560747,0.001738054
I.GFP.27.4th,UBQ14,27.14314949,0.001738054
I.GFP.27.4th,UBQ14,NA,NA
I.GFP.27.4th,UBQ7,22.74733535,0.079653486
I.GFP.27.4th,UBQ7,22.63468831,0.079653486
I.GFP.27.4th,UBQ7,NA,NA
I.GFP.28.2nd,ACT7,23.87936141,0.006453099
I.GFP.28.2nd,ACT7,23.87023535,0.006453099
I.GFP.28.2nd,ACT7,NA,NA
I.GFP.28.2nd,HYD1,30.60381449,0.059345521
I.GFP.28.2nd,HYD1,30.68774173,0.059345521
I.GFP.28.2nd,HYD1,NA,NA
I.GFP.28.2nd,PP2A1,29.18938703,0.367336415
I.GFP.28.2nd,PP2A1,29.70887917,0.367336415
I.GFP.28.2nd,PP2A1,NA,NA
I.GFP.28.2nd,TBL6,31.45901852,0.108489371
I.GFP.28.2nd,TBL6,31.30559138,0.108489371
I.GFP.28.2nd,TBL6,NA,NA
I.GFP.28.2nd,TMN5,33.33440583,0.04450767
I.GFP.28.2nd,TMN5,33.27146248,0.04450767
I.GFP.28.2nd,TMN5,NA,NA
I.GFP.28.2nd,UBQ14,29.1134884,0.1449179
I.GFP.28.2nd,UBQ14,28.90854354,0.1449179
I.GFP.28.2nd,UBQ14,NA,NA
I.GFP.28.2nd,UBQ7,24.2843974,0.02298184
I.GFP.28.2nd,UBQ7,24.25189617,0.02298184
I.GFP.28.2nd,UBQ7,NA,NA
I.GFP.3.4th,ACT7,21.56786677,0.011260937
I.GFP.3.4th,ACT7,21.5519414,0.011260937
I.GFP.3.4th,ACT7,NA,NA
I.GFP.3.4th,HYD1,30.17475131,0.006138366
I.GFP.3.4th,HYD1,30.16607035,0.006138366
I.GFP.3.4th,HYD1,NA,NA
I.GFP.3.4th,PP2A1,29.46187312,0.092024333
I.GFP.3.4th,PP2A1,29.59201518,0.092024333
I.GFP.3.4th,PP2A1,NA,NA
I.GFP.3.4th,TBL6,32.67481446,0.224117975
I.GFP.3.4th,TBL6,32.35786378,0.224117975
I.GFP.3.4th,TBL6,NA,NA
I.GFP.3.4th,TMN5,31.35604398,0.06718317
I.GFP.3.4th,TMN5,31.26103263,0.06718317
I.GFP.3.4th,TMN5,NA,NA
I.GFP.3.4th,UBQ14,26.69914571,0.131236339
I.GFP.3.4th,UBQ14,26.5135495,0.131236339
I.GFP.3.4th,UBQ14,NA,NA
I.GFP.3.4th,UBQ7,29.78007828,0.030415477
I.GFP.3.4th,UBQ7,29.82309226,0.030415477
I.GFP.3.4th,UBQ7,NA,NA
I.GFP.4.2nd,ACT7,21.18982291,0.204717977
I.GFP.4.2nd,ACT7,21.47933785,0.204717977
I.GFP.4.2nd,ACT7,NA,NA
I.GFP.4.2nd,HYD1,28.74260643,0.134770246
I.GFP.4.2nd,HYD1,28.55201252,0.134770246
I.GFP.4.2nd,HYD1,NA,NA
I.GFP.4.2nd,PP2A1,27.38268289,0.078491971
I.GFP.4.2nd,PP2A1,27.4936873,0.078491971
I.GFP.4.2nd,PP2A1,NA,NA
I.GFP.4.2nd,TBL6,29.3459704,0.197782455
I.GFP.4.2nd,TBL6,29.62567703,0.197782455
I.GFP.4.2nd,TBL6,NA,NA
I.GFP.4.2nd,TMN5,30.15167489,0.054913743
I.GFP.4.2nd,TMN5,30.22933465,0.054913743
I.GFP.4.2nd,TMN5,NA,NA
I.GFP.4.2nd,UBQ14,26.02120719,0.119936546
I.GFP.4.2nd,UBQ14,26.19082308,0.119936546
I.GFP.4.2nd,UBQ14,NA,NA
I.GFP.4.2nd,UBQ7,21.4830457,0.036184146
I.GFP.4.2nd,UBQ7,21.43187359,0.036184146
I.GFP.4.2nd,UBQ7,NA,NA
I.GFP.4.4th,ACT7,22.88190272,0.00219044
I.GFP.4.4th,ACT7,22.87880497,0.00219044
I.GFP.4.4th,ACT7,NA,NA
I.GFP.4.4th,HYD1,30.22246076,0.002595032
I.GFP.4.4th,HYD1,30.22613069,0.002595032
I.GFP.4.4th,HYD1,NA,NA
I.GFP.4.4th,PP2A1,29.15563698,0.040103526
I.GFP.4.4th,PP2A1,29.21235193,0.040103526
I.GFP.4.4th,PP2A1,NA,NA
I.GFP.4.4th,TBL6,31.33874835,0.024229254
I.GFP.4.4th,TBL6,31.30448301,0.024229254
I.GFP.4.4th,TBL6,NA,NA
I.GFP.4.4th,TMN5,32.24986756,0.179636483
I.GFP.4.4th,TMN5,32.50391191,0.179636483
I.GFP.4.4th,TMN5,NA,NA
I.GFP.4.4th,UBQ14,28.11459671,0.028085376
I.GFP.4.4th,UBQ14,28.15431543,0.028085376
I.GFP.4.4th,UBQ14,NA,NA
I.GFP.4.4th,UBQ7,23.74592913,0.014389071
I.GFP.4.4th,UBQ7,23.76627835,0.014389071
I.GFP.4.4th,UBQ7,NA,NA
I.GFP.5.2nd,ACT7,21.40789089,0.040459667
I.GFP.5.2nd,ACT7,21.4651095,0.040459667
I.GFP.5.2nd,ACT7,NA,NA
I.GFP.5.2nd,HYD1,26.44778266,0.042878771
I.GFP.5.2nd,HYD1,26.38714292,0.042878771
I.GFP.5.2nd,HYD1,NA,NA
I.GFP.5.2nd,PP2A1,27.10249262,0.082904155
I.GFP.5.2nd,PP2A1,26.98524844,0.082904155
I.GFP.5.2nd,PP2A1,NA,NA
I.GFP.5.2nd,TBL6,30.64294396,0.073680428
I.GFP.5.2nd,TBL6,30.5387441,0.073680428
I.GFP.5.2nd,TBL6,NA,NA
I.GFP.5.2nd,TMN5,29.91140625,0.055056607
I.GFP.5.2nd,TMN5,29.83354445,0.055056607
I.GFP.5.2nd,TMN5,NA,NA
I.GFP.5.2nd,UBQ14,22.02341251,0.015932572
I.GFP.5.2nd,UBQ14,22.04594457,0.015932572
I.GFP.5.2nd,UBQ14,NA,NA
I.GFP.5.2nd,UBQ7,26.39294593,0.062775377
I.GFP.5.2nd,UBQ7,26.48172372,0.062775377
I.GFP.5.2nd,UBQ7,NA,NA
I.GFP.7.2nd,ACT7,20.37046462,0.010257892
I.GFP.7.2nd,ACT7,20.38497147,0.010257892
I.GFP.7.2nd,ACT7,NA,NA
I.GFP.7.2nd,HYD1,27.66358799,0.043314943
I.GFP.7.2nd,HYD1,27.72484457,0.043314943
I.GFP.7.2nd,HYD1,NA,NA
I.GFP.7.2nd,PP2A1,25.60556231,0.060068664
I.GFP.7.2nd,PP2A1,25.69051223,0.060068664
I.GFP.7.2nd,PP2A1,NA,NA
I.GFP.7.2nd,TBL6,29.21239945,0.00176153
I.GFP.7.2nd,TBL6,29.21489063,0.00176153
I.GFP.7.2nd,TBL6,NA,NA
I.GFP.7.2nd,TMN5,30.84804612,0.155232481
I.GFP.7.2nd,TMN5,30.62851424,0.155232481
I.GFP.7.2nd,TMN5,NA,NA
I.GFP.7.2nd,UBQ14,26.19691636,0.048607227
I.GFP.7.2nd,UBQ14,26.12817536,0.048607227
I.GFP.7.2nd,UBQ14,NA,NA
I.GFP.7.2nd,UBQ7,21.20360713,0.002376996
I.GFP.7.2nd,UBQ7,21.20696871,0.002376996
I.GFP.7.2nd,UBQ7,NA,NA
I.GFP.7.4th,ACT7,22.37772167,0.036888085
I.GFP.7.4th,ACT7,22.32555404,0.036888085
I.GFP.7.4th,ACT7,NA,NA
I.GFP.7.4th,HYD1,29.80305463,0.108762597
I.GFP.7.4th,HYD1,29.95686817,0.108762597
I.GFP.7.4th,HYD1,NA,NA
I.GFP.7.4th,PP2A1,28.39549196,0.149773638
I.GFP.7.4th,PP2A1,28.18368005,0.149773638
I.GFP.7.4th,PP2A1,NA,NA
I.GFP.7.4th,TBL6,32.60665753,0.016818096
I.GFP.7.4th,TBL6,32.63044191,0.016818096
I.GFP.7.4th,TBL6,NA,NA
I.GFP.7.4th,TMN5,31.91883491,0.282957158
I.GFP.7.4th,TMN5,32.31899676,0.282957158
I.GFP.7.4th,TMN5,NA,NA
I.GFP.7.4th,UBQ14,29.25215154,0.187696581
I.GFP.7.4th,UBQ14,29.51759459,0.187696581
I.GFP.7.4th,UBQ14,NA,NA
I.GFP.7.4th,UBQ7,23.30633674,7.586666532
I.GFP.7.4th,UBQ7,24.44280189,7.586666532
I.GFP.7.4th,UBQ7,36.97815136,7.586666532
I.GFP.8.2nd,ACT7,22.71311294,0.014622947
I.GFP.8.2nd,ACT7,22.73379291,0.014622947
I.GFP.8.2nd,ACT7,NA,NA
I.GFP.8.2nd,HYD1,29.96370511,0.042761215
I.GFP.8.2nd,HYD1,29.90323162,0.042761215
I.GFP.8.2nd,HYD1,NA,NA
I.GFP.8.2nd,PP2A1,28.78338784,0.097056805
I.GFP.8.2nd,PP2A1,28.92064689,0.097056805
I.GFP.8.2nd,PP2A1,NA,NA
I.GFP.8.2nd,TBL6,NA,NA
I.GFP.8.2nd,TBL6,NA,NA
I.GFP.8.2nd,TBL6,NA,NA
I.GFP.8.2nd,TMN5,32.21153598,0.092208697
I.GFP.8.2nd,TMN5,32.08113319,0.092208697
I.GFP.8.2nd,TMN5,NA,NA
I.GFP.8.2nd,UBQ14,28.44179789,0.040049043
I.GFP.8.2nd,UBQ14,28.49843579,0.040049043
I.GFP.8.2nd,UBQ14,NA,NA
I.GFP.8.2nd,UBQ7,23.5227319,0.01308535
I.GFP.8.2nd,UBQ7,23.50422642,0.01308535
I.GFP.8.2nd,UBQ7,NA,NA
I.GFP.8.4th,ACT7,23.10000581,0.014715677
I.GFP.8.4th,ACT7,23.12081692,0.014715677
I.GFP.8.4th,ACT7,NA,NA
I.GFP.8.4th,HYD1,29.29914881,0.134747583
I.GFP.8.4th,HYD1,29.48971067,0.134747583
I.GFP.8.4th,HYD1,NA,NA
I.GFP.8.4th,PP2A1,29.15001035,0.018991226
I.GFP.8.4th,PP2A1,29.176868,0.018991226
I.GFP.8.4th,PP2A1,NA,NA
I.GFP.8.4th,TBL6,NA,NA
I.GFP.8.4th,TBL6,NA,NA
I.GFP.8.4th,TBL6,NA,NA
I.GFP.8.4th,TMN5,32.13366314,0.146110811
I.GFP.8.4th,TMN5,31.92703125,0.146110811
I.GFP.8.4th,TMN5,NA,NA
I.GFP.8.4th,UBQ14,29.20780905,0.129613126
I.GFP.8.4th,UBQ14,29.39110969,0.129613126
I.GFP.8.4th,UBQ14,NA,NA
I.GFP.8.4th,UBQ7,23.97419261,0.048562715
I.GFP.8.4th,UBQ7,24.04287066,0.048562715
I.GFP.8.4th,UBQ7,NA,NA
I.GFP.9.2nd,ACT7,21.40872044,0.008955804
I.GFP.9.2nd,ACT7,21.39605502,0.008955804
I.GFP.9.2nd,ACT7,NA,NA
I.GFP.9.2nd,HYD1,28.12051183,0.048701449
I.GFP.9.2nd,HYD1,28.18938608,0.048701449
I.GFP.9.2nd,HYD1,NA,NA
I.GFP.9.2nd,PP2A1,27.36859966,0.001084278
I.GFP.9.2nd,PP2A1,27.36706626,0.001084278
I.GFP.9.2nd,PP2A1,NA,NA
I.GFP.9.2nd,TBL6,29.08949276,0.021050944
I.GFP.9.2nd,TBL6,29.05972223,0.021050944
I.GFP.9.2nd,TBL6,NA,NA
I.GFP.9.2nd,TMN5,29.85232135,0.072765919
I.GFP.9.2nd,TMN5,29.9552279,0.072765919
I.GFP.9.2nd,TMN5,NA,NA
I.GFP.9.2nd,UBQ14,27.13725937,0.03078656
I.GFP.9.2nd,UBQ14,27.0937206,0.03078656
I.GFP.9.2nd,UBQ14,NA,NA
I.GFP.9.2nd,UBQ7,23.08432094,0.270837128
I.GFP.9.2nd,UBQ7,22.7012994,0.270837128
I.GFP.9.2nd,UBQ7,NA,NA
I.GFP.9.4th,ACT7,20.9464219,0.01035374
I.GFP.9.4th,ACT7,20.9610643,0.01035374
I.GFP.9.4th,ACT7,NA,NA
I.GFP.9.4th,HYD1,27.22693216,0.021007746
I.GFP.9.4th,HYD1,27.2566416,0.021007746
I.GFP.9.4th,HYD1,NA,NA
I.GFP.9.4th,PP2A1,26.86756711,0.045422369
I.GFP.9.4th,PP2A1,26.93180404,0.045422369
I.GFP.9.4th,PP2A1,NA,NA
I.GFP.9.4th,TBL6,NA,NA
I.GFP.9.4th,TBL6,NA,NA
I.GFP.9.4th,TBL6,NA,NA
I.GFP.9.4th,TMN5,29.48029758,0.023642384
I.GFP.9.4th,TMN5,29.4468622,0.023642384
I.GFP.9.4th,TMN5,NA,NA
I.GFP.9.4th,UBQ14,26.94863053,0.063912207
I.GFP.9.4th,UBQ14,26.85824502,0.063912207
I.GFP.9.4th,UBQ14,NA,NA
I.GFP.9.4th,UBQ7,22.02958551,0.017784782
I.GFP.9.4th,UBQ7,22.00443403,0.017784782
I.GFP.9.4th,UBQ7,NA,NA
I.GFP1.2nd,ACT7,20.05851195,0.032162285
I.GFP1.2nd,ACT7,20.10399629,0.032162285
I.GFP1.2nd,ACT7,NA,NA
I.GFP1.2nd,HYD1,27.56564274,0.090077081
I.GFP1.2nd,HYD1,27.69303097,0.090077081
I.GFP1.2nd,HYD1,NA,NA
I.GFP1.2nd,PP2A1,28.00038662,0.077284876
I.GFP1.2nd,PP2A1,27.8910893,0.077284876
I.GFP1.2nd,PP2A1,NA,NA
I.GFP1.2nd,TBL6,30.23288647,0.414282868
I.GFP1.2nd,TBL6,30.81877092,0.414282868
I.GFP1.2nd,TBL6,NA,NA
I.GFP1.2nd,TMN5,29.63338106,0.05246581
I.GFP1.2nd,TMN5,29.5591832,0.05246581
I.GFP1.2nd,TMN5,NA,NA
I.GFP1.2nd,UBQ14,23.69918739,0.018778819
I.GFP1.2nd,UBQ14,23.72574465,0.018778819
I.GFP1.2nd,UBQ14,NA,NA
I.GFP1.2nd,UBQ7,27.44749625,0.072766146
I.GFP1.2nd,UBQ7,27.55040312,0.072766146
I.GFP1.2nd,UBQ7,NA,NA
I.HYD.1.2nd,ACT7,19.90111637,0.000688821
I.HYD.1.2nd,ACT7,19.90209051,0.000688821
I.HYD.1.2nd,ACT7,NA,NA
I.HYD.1.2nd,HYD1,30.16218607,0.105511193
I.HYD.1.2nd,HYD1,30.01297071,0.105511193
I.HYD.1.2nd,HYD1,NA,NA
I.HYD.1.2nd,PP2A1,26.0968569,0.108962567
I.HYD.1.2nd,PP2A1,26.25095324,0.108962567
I.HYD.1.2nd,PP2A1,NA,NA
I.HYD.1.2nd,TBL6,NA,NA
I.HYD.1.2nd,TBL6,NA,NA
I.HYD.1.2nd,TBL6,NA,NA
I.HYD.1.2nd,TMN5,28.2482753,0.182780902
I.HYD.1.2nd,TMN5,28.50676653,0.182780902
I.HYD.1.2nd,TMN5,NA,NA
I.HYD.1.2nd,UBQ14,26.33149883,0.060299959
I.HYD.1.2nd,UBQ14,26.24622181,0.060299959
I.HYD.1.2nd,UBQ14,NA,NA
I.HYD.1.2nd,UBQ7,19.94249718,0.082910533
I.HYD.1.2nd,UBQ7,20.05975038,0.082910533
I.HYD.1.2nd,UBQ7,NA,NA
I.HYD.1.4th,ACT7,23.41383154,0.049929694
I.HYD.1.4th,ACT7,23.34322029,0.049929694
I.HYD.1.4th,ACT7,NA,NA
I.HYD.1.4th,HYD1,32.1104738,0.031120257
I.HYD.1.4th,HYD1,32.15448449,0.031120257
I.HYD.1.4th,HYD1,NA,NA
I.HYD.1.4th,PP2A1,29.11960921,0.037209415
I.HYD.1.4th,PP2A1,29.06698715,0.037209415
I.HYD.1.4th,PP2A1,NA,NA
I.HYD.1.4th,TBL6,NA,NA
I.HYD.1.4th,TBL6,NA,NA
I.HYD.1.4th,TBL6,NA,NA
I.HYD.1.4th,TMN5,32.25164187,0.145481047
I.HYD.1.4th,TMN5,32.0459006,0.145481047
I.HYD.1.4th,TMN5,NA,NA
I.HYD.1.4th,UBQ14,29.24382714,0.058116626
I.HYD.1.4th,UBQ14,29.16163782,0.058116626
I.HYD.1.4th,UBQ14,NA,NA
I.HYD.1.4th,UBQ7,24.55509667,0.05408512
I.HYD.1.4th,UBQ7,24.63158458,0.05408512
I.HYD.1.4th,UBQ7,NA,NA
I.HYD.10.2nd,ACT7,20.36022116,0.064420928
I.HYD.10.2nd,ACT7,20.45132611,0.064420928
I.HYD.10.2nd,ACT7,NA,NA
I.HYD.10.2nd,HYD1,28.27662499,0.02508578
I.HYD.10.2nd,HYD1,28.24114834,0.02508578
I.HYD.10.2nd,HYD1,NA,NA
I.HYD.10.2nd,PP2A1,26.88787852,0.045219952
I.HYD.10.2nd,PP2A1,26.95182919,0.045219952
I.HYD.10.2nd,PP2A1,NA,NA
I.HYD.10.2nd,TBL6,NA,NA
I.HYD.10.2nd,TBL6,NA,NA
I.HYD.10.2nd,TBL6,NA,NA
I.HYD.10.2nd,TMN5,29.5225369,0.122103482
I.HYD.10.2nd,TMN5,29.3498565,0.122103482
I.HYD.10.2nd,TMN5,NA,NA
I.HYD.10.2nd,UBQ14,25.65879924,0.051958291
I.HYD.10.2nd,UBQ14,25.58531912,0.051958291
I.HYD.10.2nd,UBQ14,NA,NA
I.HYD.10.2nd,UBQ7,20.90243452,0.082134222
I.HYD.10.2nd,UBQ7,21.01858985,0.082134222
I.HYD.10.2nd,UBQ7,NA,NA
I.HYD.10.4th,ACT7,20.96966311,0.045026467
I.HYD.10.4th,ACT7,21.03334015,0.045026467
I.HYD.10.4th,ACT7,NA,NA
I.HYD.10.4th,HYD1,26.44540042,0.044650951
I.HYD.10.4th,HYD1,26.5085464,0.044650951
I.HYD.10.4th,HYD1,NA,NA
I.HYD.10.4th,PP2A1,27.14016333,0.020158448
I.HYD.10.4th,PP2A1,27.11165498,0.020158448
I.HYD.10.4th,PP2A1,NA,NA
I.HYD.10.4th,TBL6,28.73438882,0.127900796
I.HYD.10.4th,TBL6,28.91526786,0.127900796
I.HYD.10.4th,TBL6,NA,NA
I.HYD.10.4th,TMN5,29.19608759,0.080754175
I.HYD.10.4th,TMN5,29.08188394,0.080754175
I.HYD.10.4th,TMN5,NA,NA
I.HYD.10.4th,UBQ14,21.29093315,0.003290656
I.HYD.10.4th,UBQ14,21.29558684,0.003290656
I.HYD.10.4th,UBQ14,NA,NA
I.HYD.10.4th,UBQ7,26.56967443,0.005286436
I.HYD.10.4th,UBQ7,26.57715058,0.005286436
I.HYD.10.4th,UBQ7,NA,NA
I.HYD.11.2nd,ACT7,23.04658674,0.027409304
I.HYD.11.2nd,ACT7,23.00782413,0.027409304
I.HYD.11.2nd,ACT7,NA,NA
I.HYD.11.2nd,HYD1,33.89395648,0.777221909
I.HYD.11.2nd,HYD1,33.06153796,0.777221909
I.HYD.11.2nd,HYD1,32.34085178,0.777221909
I.HYD.11.2nd,PP2A1,30.71836036,0.050789762
I.HYD.11.2nd,PP2A1,30.79018793,0.050789762
I.HYD.11.2nd,PP2A1,NA,NA
I.HYD.11.2nd,TBL6,34.79045708,0.044807037
I.HYD.11.2nd,TBL6,34.8538238,0.044807037
I.HYD.11.2nd,TBL6,NA,NA
I.HYD.11.2nd,TMN5,32.93475511,0.133775736
I.HYD.11.2nd,TMN5,33.12394257,0.133775736
I.HYD.11.2nd,TMN5,NA,NA
I.HYD.11.2nd,UBQ14,27.34985067,0.062346545
I.HYD.11.2nd,UBQ14,27.438022,0.062346545
I.HYD.11.2nd,UBQ14,NA,NA
I.HYD.11.2nd,UBQ7,32.4838858,0.45554829
I.HYD.11.2nd,UBQ7,31.83964323,0.45554829
I.HYD.11.2nd,UBQ7,NA,NA
I.HYD.11.4th,ACT7,21.7370844,0.08359893
I.HYD.11.4th,ACT7,21.61885766,0.08359893
I.HYD.11.4th,ACT7,NA,NA
I.HYD.11.4th,HYD1,31.33960122,0.053607059
I.HYD.11.4th,HYD1,31.41541305,0.053607059
I.HYD.11.4th,HYD1,NA,NA
I.HYD.11.4th,PP2A1,28.16962047,0.050333593
I.HYD.11.4th,PP2A1,28.09843802,0.050333593
I.HYD.11.4th,PP2A1,NA,NA
I.HYD.11.4th,TBL6,32.04939381,0.148866017
I.HYD.11.4th,TBL6,32.25992215,0.148866017
I.HYD.11.4th,TBL6,NA,NA
I.HYD.11.4th,TMN5,33.21707175,0.333339096
I.HYD.11.4th,TMN5,32.74565908,0.333339096
I.HYD.11.4th,TMN5,NA,NA
I.HYD.11.4th,UBQ14,23.36858997,0.078488846
I.HYD.11.4th,UBQ14,23.47958996,0.078488846
I.HYD.11.4th,UBQ14,NA,NA
I.HYD.11.4th,UBQ7,27.87124346,0.008184542
I.HYD.11.4th,UBQ7,27.88281815,0.008184542
I.HYD.11.4th,UBQ7,NA,NA
I.HYD.12.2nd,ACT7,21.25655983,0.028030717
I.HYD.12.2nd,ACT7,21.29620125,0.028030717
I.HYD.12.2nd,ACT7,NA,NA
I.HYD.12.2nd,HYD1,30.08783709,0.106995799
I.HYD.12.2nd,HYD1,30.239152,0.106995799
I.HYD.12.2nd,HYD1,NA,NA
I.HYD.12.2nd,PP2A1,26.9922809,0.08449238
I.HYD.12.2nd,PP2A1,27.11177117,0.08449238
I.HYD.12.2nd,PP2A1,NA,NA
I.HYD.12.2nd,TBL6,29.65097485,0.047978277
I.HYD.12.2nd,TBL6,29.58312332,0.047978277
I.HYD.12.2nd,TBL6,NA,NA
I.HYD.12.2nd,TMN5,30.18581379,0.208383279
I.HYD.12.2nd,TMN5,30.48051225,0.208383279
I.HYD.12.2nd,TMN5,NA,NA
I.HYD.12.2nd,UBQ14,21.60307071,0.035446245
I.HYD.12.2nd,UBQ14,21.65319927,0.035446245
I.HYD.12.2nd,UBQ14,NA,NA
I.HYD.12.2nd,UBQ7,26.1181034,0.143624857
I.HYD.12.2nd,UBQ7,26.32121962,0.143624857
I.HYD.12.2nd,UBQ7,NA,NA
I.HYD.12.4th,ACT7,28.39913997,0.041757357
I.HYD.12.4th,ACT7,28.45819379,0.041757357
I.HYD.12.4th,ACT7,NA,NA
I.HYD.12.4th,HYD1,NA,NA
I.HYD.12.4th,HYD1,34.38732685,NA
I.HYD.12.4th,HYD1,35.61881339,NA
I.HYD.12.4th,PP2A1,34.0198588,0.206265594
I.HYD.12.4th,PP2A1,33.7281552,0.206265594
I.HYD.12.4th,PP2A1,NA,NA
I.HYD.12.4th,TBL6,NA,NA
I.HYD.12.4th,TBL6,NA,NA
I.HYD.12.4th,TBL6,NA,NA
I.HYD.12.4th,TMN5,36.0290427,NA
I.HYD.12.4th,TMN5,36.07566201,NA
I.HYD.12.4th,TMN5,NA,NA
I.HYD.12.4th,UBQ14,33.66120357,0.019095963
I.HYD.12.4th,UBQ14,33.68820934,0.019095963
I.HYD.12.4th,UBQ14,NA,NA
I.HYD.12.4th,UBQ7,29.69923275,0.044761005
I.HYD.12.4th,UBQ7,29.63593113,0.044761005
I.HYD.12.4th,UBQ7,NA,NA
I.HYD.13.2nd,ACT7,19.96434608,0.0081626
I.HYD.13.2nd,ACT7,19.95280242,0.0081626
I.HYD.13.2nd,ACT7,NA,NA
I.HYD.13.2nd,HYD1,28.69018563,0.090293824
I.HYD.13.2nd,HYD1,28.56249088,0.090293824
I.HYD.13.2nd,HYD1,NA,NA
I.HYD.13.2nd,PP2A1,27.11147378,0.136470329
I.HYD.13.2nd,PP2A1,26.91847559,0.136470329
I.HYD.13.2nd,PP2A1,NA,NA
I.HYD.13.2nd,TBL6,29.4022514,0.081753445
I.HYD.13.2nd,TBL6,29.28663457,0.081753445
I.HYD.13.2nd,TBL6,NA,NA
I.HYD.13.2nd,TMN5,29.13901258,0.213278254
I.HYD.13.2nd,TMN5,29.44063358,0.213278254
I.HYD.13.2nd,TMN5,NA,NA
I.HYD.13.2nd,UBQ14,26.03485556,0.033959793
I.HYD.13.2nd,UBQ14,26.08288196,0.033959793
I.HYD.13.2nd,UBQ14,NA,NA
I.HYD.13.2nd,UBQ7,21.35275129,0.171920703
I.HYD.13.2nd,UBQ7,21.1096187,0.171920703
I.HYD.13.2nd,UBQ7,NA,NA
I.HYD.13.4th,ACT7,21.33270285,0.05281621
I.HYD.13.4th,ACT7,21.25800945,0.05281621
I.HYD.13.4th,ACT7,NA,NA
I.HYD.13.4th,HYD1,30.21848619,0.023880142
I.HYD.13.4th,HYD1,30.25225781,0.023880142
I.HYD.13.4th,HYD1,NA,NA
I.HYD.13.4th,PP2A1,27.29804088,0.024133166
I.HYD.13.4th,PP2A1,27.33217033,0.024133166
I.HYD.13.4th,PP2A1,NA,NA
I.HYD.13.4th,TBL6,29.70584937,0.12424994
I.HYD.13.4th,TBL6,29.53013342,0.12424994
I.HYD.13.4th,TBL6,NA,NA
I.HYD.13.4th,TMN5,30.3471037,0.071101164
I.HYD.13.4th,TMN5,30.24655147,0.071101164
I.HYD.13.4th,TMN5,NA,NA
I.HYD.13.4th,UBQ14,27.01989883,0.018943638
I.HYD.13.4th,UBQ14,26.99310848,0.018943638
I.HYD.13.4th,UBQ14,NA,NA
I.HYD.13.4th,UBQ7,22.12825005,NA
I.HYD.13.4th,UBQ7,22.97016141,NA
I.HYD.13.4th,UBQ7,NA,NA
I.HYD.15.2nd,ACT7,20.62829736,0.101449006
I.HYD.15.2nd,ACT7,20.4848268,0.101449006
I.HYD.15.2nd,ACT7,NA,NA
I.HYD.15.2nd,HYD1,29.21184405,0.140119778
I.HYD.15.2nd,HYD1,29.41000334,0.140119778
I.HYD.15.2nd,HYD1,NA,NA
I.HYD.15.2nd,PP2A1,26.59404177,0.035348006
I.HYD.15.2nd,PP2A1,26.6440314,0.035348006
I.HYD.15.2nd,PP2A1,NA,NA
I.HYD.15.2nd,TBL6,29.76892948,0.027431083
I.HYD.15.2nd,TBL6,29.73013607,0.027431083
I.HYD.15.2nd,TBL6,NA,NA
I.HYD.15.2nd,TMN5,30.33958552,0.016121009
I.HYD.15.2nd,TMN5,30.36238407,0.016121009
I.HYD.15.2nd,TMN5,NA,NA
I.HYD.15.2nd,UBQ14,26.07174337,0.022279825
I.HYD.15.2nd,UBQ14,26.1032518,0.022279825
I.HYD.15.2nd,UBQ14,NA,NA
I.HYD.15.2nd,UBQ7,22.18881744,0.126287645
I.HYD.15.2nd,UBQ7,22.01021974,0.126287645
I.HYD.15.2nd,UBQ7,NA,NA
I.HYD.15.4th,ACT7,20.39029991,0.01562764
I.HYD.15.4th,ACT7,20.41240073,0.01562764
I.HYD.15.4th,ACT7,NA,NA
I.HYD.15.4th,HYD1,27.90199821,0.098118646
I.HYD.15.4th,HYD1,28.04075893,0.098118646
I.HYD.15.4th,HYD1,NA,NA
I.HYD.15.4th,PP2A1,26.25515812,0.131253189
I.HYD.15.4th,PP2A1,26.06953808,0.131253189
I.HYD.15.4th,PP2A1,NA,NA
I.HYD.15.4th,TBL6,NA,NA
I.HYD.15.4th,TBL6,NA,NA
I.HYD.15.4th,TBL6,NA,NA
I.HYD.15.4th,TMN5,29.53653509,0.043805965
I.HYD.15.4th,TMN5,29.4745841,0.043805965
I.HYD.15.4th,TMN5,NA,NA
I.HYD.15.4th,UBQ14,26.9566428,0.085406054
I.HYD.15.4th,UBQ14,27.0774252,0.085406054
I.HYD.15.4th,UBQ14,NA,NA
I.HYD.15.4th,UBQ7,21.95882814,0.091635622
I.HYD.15.4th,UBQ7,21.8292358,0.091635622
I.HYD.15.4th,UBQ7,NA,NA
I.HYD.16.2nd,ACT7,21.37815671,0.005716534
I.HYD.16.2nd,ACT7,21.38624111,0.005716534
I.HYD.16.2nd,ACT7,NA,NA
I.HYD.16.2nd,HYD1,29.76090468,0.098720528
I.HYD.16.2nd,HYD1,29.90051659,0.098720528
I.HYD.16.2nd,HYD1,NA,NA
I.HYD.16.2nd,PP2A1,27.14611251,0.013292186
I.HYD.16.2nd,PP2A1,27.12731452,0.013292186
I.HYD.16.2nd,PP2A1,NA,NA
I.HYD.16.2nd,TBL6,28.78420319,0.13231677
I.HYD.16.2nd,TBL6,28.97132736,0.13231677
I.HYD.16.2nd,TBL6,NA,NA
I.HYD.16.2nd,TMN5,30.46409494,0.052759747
I.HYD.16.2nd,TMN5,30.38948139,0.052759747
I.HYD.16.2nd,TMN5,NA,NA
I.HYD.16.2nd,UBQ14,26.33929928,0.006539012
I.HYD.16.2nd,UBQ14,26.33005172,0.006539012
I.HYD.16.2nd,UBQ14,NA,NA
I.HYD.16.2nd,UBQ7,21.63522877,0.08783037
I.HYD.16.2nd,UBQ7,21.75943967,0.08783037
I.HYD.16.2nd,UBQ7,NA,NA
I.HYD.17.2nd,ACT7,23.35125122,0.138154169
I.HYD.17.2nd,ACT7,23.54663072,0.138154169
I.HYD.17.2nd,ACT7,NA,NA
I.HYD.17.2nd,HYD1,33.4039101,0.199721441
I.HYD.17.2nd,HYD1,33.12146133,0.199721441
I.HYD.17.2nd,HYD1,NA,NA
I.HYD.17.2nd,PP2A1,30.78479643,0.116370953
I.HYD.17.2nd,PP2A1,30.94936981,0.116370953
I.HYD.17.2nd,PP2A1,NA,NA
I.HYD.17.2nd,TBL6,NA,NA
I.HYD.17.2nd,TBL6,NA,NA
I.HYD.17.2nd,TBL6,NA,NA
I.HYD.17.2nd,TMN5,33.63028111,0.138092743
I.HYD.17.2nd,TMN5,33.43498848,0.138092743
I.HYD.17.2nd,TMN5,NA,NA
I.HYD.17.2nd,UBQ14,30.33557516,0.187705596
I.HYD.17.2nd,UBQ14,30.60103096,0.187705596
I.HYD.17.2nd,UBQ14,NA,NA
I.HYD.17.2nd,UBQ7,25.51021306,0.020833643
I.HYD.17.2nd,UBQ7,25.48074984,0.020833643
I.HYD.17.2nd,UBQ7,NA,NA
I.HYD.18.2nd,ACT7,20.14895419,0.198316653
I.HYD.18.2nd,ACT7,20.42941629,0.198316653
I.HYD.18.2nd,ACT7,NA,NA
I.HYD.18.2nd,HYD1,28.52646715,0.094915601
I.HYD.18.2nd,HYD1,28.39223622,0.094915601
I.HYD.18.2nd,HYD1,NA,NA
I.HYD.18.2nd,PP2A1,26.24843945,0.158169916
I.HYD.18.2nd,PP2A1,26.02475341,0.158169916
I.HYD.18.2nd,PP2A1,NA,NA
I.HYD.18.2nd,TBL6,28.86641947,0.156267127
I.HYD.18.2nd,TBL6,29.08741456,0.156267127
I.HYD.18.2nd,TBL6,NA,NA
I.HYD.18.2nd,TMN5,28.5673942,0.013481868
I.HYD.18.2nd,TMN5,28.54832796,0.013481868
I.HYD.18.2nd,TMN5,NA,NA
I.HYD.18.2nd,UBQ14,25.30440048,0.213286641
I.HYD.18.2nd,UBQ14,25.60603334,0.213286641
I.HYD.18.2nd,UBQ14,NA,NA
I.HYD.18.2nd,UBQ7,19.93432247,0.060568596
I.HYD.18.2nd,UBQ7,19.84866554,0.060568596
I.HYD.18.2nd,UBQ7,NA,NA
I.HYD.18.4th,ACT7,22.14560122,0.016571238
I.HYD.18.4th,ACT7,22.12216595,0.016571238
I.HYD.18.4th,ACT7,NA,NA
I.HYD.18.4th,HYD1,30.25136745,0.159532942
I.HYD.18.4th,HYD1,30.4769811,0.159532942
I.HYD.18.4th,HYD1,NA,NA
I.HYD.18.4th,PP2A1,28.86819847,0.09637538
I.HYD.18.4th,PP2A1,29.00449384,0.09637538
I.HYD.18.4th,PP2A1,NA,NA
I.HYD.18.4th,TBL6,32.60656864,0.248530045
I.HYD.18.4th,TBL6,32.25509408,0.248530045
I.HYD.18.4th,TBL6,NA,NA
I.HYD.18.4th,TMN5,31.71539513,0.124248511
I.HYD.18.4th,TMN5,31.5396812,0.124248511
I.HYD.18.4th,TMN5,NA,NA
I.HYD.18.4th,UBQ14,28.34050651,0.096731197
I.HYD.18.4th,UBQ14,28.47730508,0.096731197
I.HYD.18.4th,UBQ14,NA,NA
I.HYD.18.4th,UBQ7,23.4957611,0.034280197
I.HYD.18.4th,UBQ7,23.44728158,0.034280197
I.HYD.18.4th,UBQ7,NA,NA
I.HYD.19.4th,ACT7,21.66847479,0.006785969
I.HYD.19.4th,ACT7,21.6780716,0.006785969
I.HYD.19.4th,ACT7,NA,NA
I.HYD.19.4th,HYD1,31.9216501,0.043449972
I.HYD.19.4th,HYD1,31.98309764,0.043449972
I.HYD.19.4th,HYD1,NA,NA
I.HYD.19.4th,PP2A1,27.56700815,0.04624595
I.HYD.19.4th,PP2A1,27.5016065,0.04624595
I.HYD.19.4th,PP2A1,NA,NA
I.HYD.19.4th,TBL6,NA,NA
I.HYD.19.4th,TBL6,NA,NA
I.HYD.19.4th,TBL6,NA,NA
I.HYD.19.4th,TMN5,31.89996641,0.072375745
I.HYD.19.4th,TMN5,32.00232117,0.072375745
I.HYD.19.4th,TMN5,NA,NA
I.HYD.19.4th,UBQ14,29.01556336,0.088713044
I.HYD.19.4th,UBQ14,28.89010417,0.088713044
I.HYD.19.4th,UBQ14,NA,NA
I.HYD.19.4th,UBQ7,23.68210933,0.149676969
I.HYD.19.4th,UBQ7,23.47043413,0.149676969
I.HYD.19.4th,UBQ7,NA,NA
I.HYD.2.2nd,ACT7,21.05993478,0.058110445
I.HYD.2.2nd,ACT7,20.9777542,0.058110445
I.HYD.2.2nd,ACT7,NA,NA
I.HYD.2.2nd,HYD1,29.5942354,0.048121919
I.HYD.2.2nd,HYD1,29.66229007,0.048121919
I.HYD.2.2nd,HYD1,NA,NA
I.HYD.2.2nd,PP2A1,26.59060276,0.063620476
I.HYD.2.2nd,PP2A1,26.50062982,0.063620476
I.HYD.2.2nd,PP2A1,NA,NA
I.HYD.2.2nd,TBL6,NA,NA
I.HYD.2.2nd,TBL6,NA,NA
I.HYD.2.2nd,TBL6,NA,NA
I.HYD.2.2nd,TMN5,29.3571983,0.175692757
I.HYD.2.2nd,TMN5,29.10873122,0.175692757
I.HYD.2.2nd,TMN5,NA,NA
I.HYD.2.2nd,UBQ14,26.09116518,0.000756753
I.HYD.2.2nd,UBQ14,26.09223539,0.000756753
I.HYD.2.2nd,UBQ14,NA,NA
I.HYD.2.2nd,UBQ7,21.49439011,0.044151472
I.HYD.2.2nd,UBQ7,21.4319505,0.044151472
I.HYD.2.2nd,UBQ7,NA,NA
I.HYD.2.4th,ACT7,20.79524803,0.005718698
I.HYD.2.4th,ACT7,20.80333549,0.005718698
I.HYD.2.4th,ACT7,NA,NA
I.HYD.2.4th,HYD1,29.02468755,0.07556182
I.HYD.2.4th,HYD1,28.917827,0.07556182
I.HYD.2.4th,HYD1,NA,NA
I.HYD.2.4th,PP2A1,26.12795438,0.001265155
I.HYD.2.4th,PP2A1,26.12974358,0.001265155
I.HYD.2.4th,PP2A1,NA,NA
I.HYD.2.4th,TBL6,NA,NA
I.HYD.2.4th,TBL6,NA,NA
I.HYD.2.4th,TBL6,NA,NA
I.HYD.2.4th,TMN5,29.14608094,0.011101456
I.HYD.2.4th,TMN5,29.13038111,0.011101456
I.HYD.2.4th,TMN5,NA,NA
I.HYD.2.4th,UBQ14,26.47171034,0.031572636
I.HYD.2.4th,UBQ14,26.51636079,0.031572636
I.HYD.2.4th,UBQ14,NA,NA
I.HYD.2.4th,UBQ7,20.54594679,0.03118995
I.HYD.2.4th,UBQ7,20.59005604,0.03118995
I.HYD.2.4th,UBQ7,NA,NA
I.HYD.20.2nd,ACT7,23.01653368,0.014513409
I.HYD.20.2nd,ACT7,22.99600862,0.014513409
I.HYD.20.2nd,ACT7,NA,NA
I.HYD.20.2nd,HYD1,30.33847916,0.063080331
I.HYD.20.2nd,HYD1,30.42768822,0.063080331
I.HYD.20.2nd,HYD1,NA,NA
I.HYD.20.2nd,PP2A1,28.80555845,0.115433513
I.HYD.20.2nd,PP2A1,28.96880609,0.115433513
I.HYD.20.2nd,PP2A1,NA,NA
I.HYD.20.2nd,TBL6,NA,NA
I.HYD.20.2nd,TBL6,NA,NA
I.HYD.20.2nd,TBL6,NA,NA
I.HYD.20.2nd,TMN5,32.59549746,0.318324404
I.HYD.20.2nd,TMN5,32.14531877,0.318324404
I.HYD.20.2nd,TMN5,NA,NA
I.HYD.20.2nd,UBQ14,28.1783681,0.136082346
I.HYD.20.2nd,UBQ14,28.3708176,0.136082346
I.HYD.20.2nd,UBQ14,NA,NA
I.HYD.20.2nd,UBQ7,23.59065782,0.012415628
I.HYD.20.2nd,UBQ7,23.60821617,0.012415628
I.HYD.20.2nd,UBQ7,NA,NA
I.HYD.20.4th,ACT7,27.42738515,0.053934549
I.HYD.20.4th,ACT7,27.35111018,0.053934549
I.HYD.20.4th,ACT7,NA,NA
I.HYD.20.4th,HYD1,36.97218742,1.410298022
I.HYD.20.4th,HYD1,34.15817133,1.410298022
I.HYD.20.4th,HYD1,35.73193253,1.410298022
I.HYD.20.4th,PP2A1,34.63804425,0.093017274
I.HYD.20.4th,PP2A1,34.50649796,0.093017274
I.HYD.20.4th,PP2A1,NA,NA
I.HYD.20.4th,TBL6,34.70988079,NA
I.HYD.20.4th,TBL6,35.75943028,NA
I.HYD.20.4th,TBL6,NA,NA
I.HYD.20.4th,TMN5,36.77335261,0.320257182
I.HYD.20.4th,TMN5,37.22626466,0.320257182
I.HYD.20.4th,TMN5,NA,NA
I.HYD.20.4th,UBQ14,30.08854259,0.104654979
I.HYD.20.4th,UBQ14,29.9405381,0.104654979
I.HYD.20.4th,UBQ14,NA,NA
I.HYD.20.4th,UBQ7,33.23472032,0.081084189
I.HYD.20.4th,UBQ7,33.34939068,0.081084189
I.HYD.20.4th,UBQ7,NA,NA
I.HYD.21.2nd,ACT7,21.34134855,0.100353761
I.HYD.21.2nd,ACT7,21.1994269,0.100353761
I.HYD.21.2nd,ACT7,NA,NA
I.HYD.21.2nd,HYD1,32.22926041,0.034207775
I.HYD.21.2nd,HYD1,32.18088331,0.034207775
I.HYD.21.2nd,HYD1,NA,NA
I.HYD.21.2nd,PP2A1,28.5310264,0.010906818
I.HYD.21.2nd,PP2A1,28.51560183,0.010906818
I.HYD.21.2nd,PP2A1,NA,NA
I.HYD.21.2nd,TBL6,32.21136174,0.322890158
I.HYD.21.2nd,TBL6,31.7547261,0.322890158
I.HYD.21.2nd,TBL6,NA,NA
I.HYD.21.2nd,TMN5,30.1179695,0.129299679
I.HYD.21.2nd,TMN5,30.30082686,0.129299679
I.HYD.21.2nd,TMN5,NA,NA
I.HYD.21.2nd,UBQ14,25.19068386,0.206036251
I.HYD.21.2nd,UBQ14,24.8993046,0.206036251
I.HYD.21.2nd,UBQ14,NA,NA
I.HYD.21.2nd,UBQ7,29.8554591,0.331443406
I.HYD.21.2nd,UBQ7,29.38672734,0.331443406
I.HYD.21.2nd,UBQ7,NA,NA
I.HYD.21.4th,ACT7,22.70824515,0.07283569
I.HYD.21.4th,ACT7,22.60523993,0.07283569
I.HYD.21.4th,ACT7,NA,NA
I.HYD.21.4th,HYD1,34.38694377,0.060685311
I.HYD.21.4th,HYD1,34.30112178,0.060685311
I.HYD.21.4th,HYD1,NA,NA
I.HYD.21.4th,PP2A1,28.23243291,0.220904946
I.HYD.21.4th,PP2A1,28.54483968,0.220904946
I.HYD.21.4th,PP2A1,NA,NA
I.HYD.21.4th,TBL6,33.1168958,0.223399159
I.HYD.21.4th,TBL6,33.43282992,0.223399159
I.HYD.21.4th,TBL6,NA,NA
I.HYD.21.4th,TMN5,32.22696774,0.151597648
I.HYD.21.4th,TMN5,32.01257629,0.151597648
I.HYD.21.4th,TMN5,NA,NA
I.HYD.21.4th,UBQ14,24.31594354,0.046042544
I.HYD.21.4th,UBQ14,24.38105753,0.046042544
I.HYD.21.4th,UBQ14,NA,NA
I.HYD.21.4th,UBQ7,29.44614307,0.182087725
I.HYD.21.4th,UBQ7,29.18863214,0.182087725
I.HYD.21.4th,UBQ7,NA,NA
I.HYD.22.2nd,ACT7,23.79903923,0.005277442
I.HYD.22.2nd,ACT7,23.7915758,0.005277442
I.HYD.22.2nd,ACT7,NA,NA
I.HYD.22.2nd,HYD1,33.40942366,0.062161962
I.HYD.22.2nd,HYD1,33.32151337,0.062161962
I.HYD.22.2nd,HYD1,NA,NA
I.HYD.22.2nd,PP2A1,28.72138527,0.08914066
I.HYD.22.2nd,PP2A1,28.59532134,0.08914066
I.HYD.22.2nd,PP2A1,NA,NA
I.HYD.22.2nd,TBL6,30.40770414,0.033834883
I.HYD.22.2nd,TBL6,30.35985439,0.033834883
I.HYD.22.2nd,TBL6,NA,NA
I.HYD.22.2nd,TMN5,33.48601442,0.399959274
I.HYD.22.2nd,TMN5,34.05164225,0.399959274
I.HYD.22.2nd,TMN5,NA,NA
I.HYD.22.2nd,UBQ14,23.24490045,0.029319398
I.HYD.22.2nd,UBQ14,23.20343656,0.029319398
I.HYD.22.2nd,UBQ14,NA,NA
I.HYD.22.2nd,UBQ7,29.89071616,0.172878861
I.HYD.22.2nd,UBQ7,29.64622853,0.172878861
I.HYD.22.2nd,UBQ7,NA,NA
I.HYD.22.4th,ACT7,21.38083137,0.040091321
I.HYD.22.4th,ACT7,21.43752906,0.040091321
I.HYD.22.4th,ACT7,NA,NA
I.HYD.22.4th,HYD1,28.12801464,0.002208252
I.HYD.22.4th,HYD1,28.1248917,0.002208252
I.HYD.22.4th,HYD1,NA,NA
I.HYD.22.4th,PP2A1,26.90801828,0.034899814
I.HYD.22.4th,PP2A1,26.85866249,0.034899814
I.HYD.22.4th,PP2A1,NA,NA
I.HYD.22.4th,TBL6,28.51187474,0.091336686
I.HYD.22.4th,TBL6,28.38270516,0.091336686
I.HYD.22.4th,TBL6,NA,NA
I.HYD.22.4th,TMN5,30.6104499,0.160867521
I.HYD.22.4th,TMN5,30.83795093,0.160867521
I.HYD.22.4th,TMN5,NA,NA
I.HYD.22.4th,UBQ14,26.12309342,0.044410952
I.HYD.22.4th,UBQ14,26.18589999,0.044410952
I.HYD.22.4th,UBQ14,NA,NA
I.HYD.22.4th,UBQ7,21.42369669,0.081340763
I.HYD.22.4th,UBQ7,21.30866348,0.081340763
I.HYD.22.4th,UBQ7,NA,NA
I.HYD.23.2nd,ACT7,20.32858378,0.047124686
I.HYD.23.2nd,ACT7,20.26193941,0.047124686
I.HYD.23.2nd,ACT7,NA,NA
I.HYD.23.2nd,HYD1,30.87911507,0.08328129
I.HYD.23.2nd,HYD1,30.76133754,0.08328129
I.HYD.23.2nd,HYD1,NA,NA
I.HYD.23.2nd,PP2A1,27.1000953,0.021132728
I.HYD.23.2nd,PP2A1,27.12998149,0.021132728
I.HYD.23.2nd,PP2A1,NA,NA
I.HYD.23.2nd,TBL6,31.21255125,0.13101418
I.HYD.23.2nd,TBL6,31.02726922,0.13101418
I.HYD.23.2nd,TBL6,NA,NA
I.HYD.23.2nd,TMN5,29.45411389,1.083851133
I.HYD.23.2nd,TMN5,30.21413663,1.083851133
I.HYD.23.2nd,TMN5,31.59224184,1.083851133
I.HYD.23.2nd,UBQ14,26.89649366,0.091293658
I.HYD.23.2nd,UBQ14,27.02560239,0.091293658
I.HYD.23.2nd,UBQ14,NA,NA
I.HYD.23.2nd,UBQ7,21.72681942,0.131702845
I.HYD.23.2nd,UBQ7,21.54056347,0.131702845
I.HYD.23.2nd,UBQ7,NA,NA
I.HYD.23.4th,ACT7,19.59741959,0.052859188
I.HYD.23.4th,ACT7,19.52266541,0.052859188
I.HYD.23.4th,ACT7,NA,NA
I.HYD.23.4th,HYD1,28.33363906,0.024128145
I.HYD.23.4th,HYD1,28.29951671,0.024128145
I.HYD.23.4th,HYD1,NA,NA
I.HYD.23.4th,PP2A1,25.31397144,0.002283191
I.HYD.23.4th,PP2A1,25.31074252,0.002283191
I.HYD.23.4th,PP2A1,NA,NA
I.HYD.23.4th,TBL6,27.95868679,0.026954154
I.HYD.23.4th,TBL6,27.92056786,0.026954154
I.HYD.23.4th,TBL6,NA,NA
I.HYD.23.4th,TMN5,28.44084392,0.117821851
I.HYD.23.4th,TMN5,28.27421866,0.117821851
I.HYD.23.4th,TMN5,NA,NA
I.HYD.23.4th,UBQ14,25.13168879,0.006049751
I.HYD.23.4th,UBQ14,25.14024443,0.006049751
I.HYD.23.4th,UBQ14,NA,NA
I.HYD.23.4th,UBQ7,20.20345376,10.94001959
I.HYD.23.4th,UBQ7,21.42258118,10.94001959
I.HYD.23.4th,UBQ7,39.7322506,10.94001959
I.HYD.24.2nd,ACT7,20.81714008,0.138610133
I.HYD.24.2nd,ACT7,21.01316441,0.138610133
I.HYD.24.2nd,ACT7,NA,NA
I.HYD.24.2nd,HYD1,30.78170327,0.010900482
I.HYD.24.2nd,HYD1,30.76628766,0.010900482
I.HYD.24.2nd,HYD1,NA,NA
I.HYD.24.2nd,PP2A1,27.91436364,0.260770862
I.HYD.24.2nd,PP2A1,28.28314933,0.260770862
I.HYD.24.2nd,PP2A1,NA,NA
I.HYD.24.2nd,TBL6,30.51443095,0.074214611
I.HYD.24.2nd,TBL6,30.61938626,0.074214611
I.HYD.24.2nd,TBL6,NA,NA
I.HYD.24.2nd,TMN5,29.87714077,0.176138425
I.HYD.24.2nd,TMN5,30.12623812,0.176138425
I.HYD.24.2nd,TMN5,NA,NA
I.HYD.24.2nd,UBQ14,26.37384039,0.126892674
I.HYD.24.2nd,UBQ14,26.55329373,0.126892674
I.HYD.24.2nd,UBQ14,NA,NA
I.HYD.24.2nd,UBQ7,21.58332351,0.03244172
I.HYD.24.2nd,UBQ7,21.53744399,0.03244172
I.HYD.24.2nd,UBQ7,NA,NA
I.HYD.25.2nd,ACT7,23.59054127,0.00452192
I.HYD.25.2nd,ACT7,23.58414631,0.00452192
I.HYD.25.2nd,ACT7,NA,NA
I.HYD.25.2nd,HYD1,31.04400993,0.052207575
I.HYD.25.2nd,HYD1,31.11784259,0.052207575
I.HYD.25.2nd,HYD1,NA,NA
I.HYD.25.2nd,PP2A1,30.29792321,0.202205768
I.HYD.25.2nd,PP2A1,30.01196107,0.202205768
I.HYD.25.2nd,PP2A1,NA,NA
I.HYD.25.2nd,TBL6,33.15942854,0.052808637
I.HYD.25.2nd,TBL6,33.08474585,0.052808637
I.HYD.25.2nd,TBL6,NA,NA
I.HYD.25.2nd,TMN5,32.28873989,0.032148709
I.HYD.25.2nd,TMN5,32.24327475,0.032148709
I.HYD.25.2nd,TMN5,NA,NA
I.HYD.25.2nd,UBQ14,28.97548916,0.01027074
I.HYD.25.2nd,UBQ14,28.96096414,0.01027074
I.HYD.25.2nd,UBQ14,NA,NA
I.HYD.25.2nd,UBQ7,24.40158896,0.207531244
I.HYD.25.2nd,UBQ7,24.10809546,0.207531244
I.HYD.25.2nd,UBQ7,NA,NA
I.HYD.26.2nd,ACT7,20.47513964,0.029346621
I.HYD.26.2nd,ACT7,20.51664203,0.029346621
I.HYD.26.2nd,ACT7,NA,NA
I.HYD.26.2nd,HYD1,30.14870755,0.216264536
I.HYD.26.2nd,HYD1,29.84286331,0.216264536
I.HYD.26.2nd,HYD1,NA,NA
I.HYD.26.2nd,PP2A1,26.38454427,0.007250984
I.HYD.26.2nd,PP2A1,26.37428983,0.007250984
I.HYD.26.2nd,PP2A1,NA,NA
I.HYD.26.2nd,TBL6,28.23654666,0.085693691
I.HYD.26.2nd,TBL6,28.35773584,0.085693691
I.HYD.26.2nd,TBL6,NA,NA
I.HYD.26.2nd,TMN5,28.85964029,0.078824997
I.HYD.26.2nd,TMN5,28.97111567,0.078824997
I.HYD.26.2nd,TMN5,NA,NA
I.HYD.26.2nd,UBQ14,25.5495929,0.089346866
I.HYD.26.2nd,UBQ14,25.67594845,0.089346866
I.HYD.26.2nd,UBQ14,NA,NA
I.HYD.26.2nd,UBQ7,20.13500779,0.133038103
I.HYD.26.2nd,UBQ7,20.32315208,0.133038103
I.HYD.26.2nd,UBQ7,NA,NA
I.HYD.26.4th,ACT7,20.22196111,0.010599092
I.HYD.26.4th,ACT7,20.23695049,0.010599092
I.HYD.26.4th,ACT7,NA,NA
I.HYD.26.4th,HYD1,25.90209899,0.07598293
I.HYD.26.4th,HYD1,25.7946429,0.07598293
I.HYD.26.4th,HYD1,NA,NA
I.HYD.26.4th,PP2A1,26.01799369,0.051628129
I.HYD.26.4th,PP2A1,26.09100689,0.051628129
I.HYD.26.4th,PP2A1,NA,NA
I.HYD.26.4th,TBL6,NA,NA
I.HYD.26.4th,TBL6,NA,NA
I.HYD.26.4th,TBL6,NA,NA
I.HYD.26.4th,TMN5,28.41277355,0.041988192
I.HYD.26.4th,TMN5,28.35339328,0.041988192
I.HYD.26.4th,TMN5,NA,NA
I.HYD.26.4th,UBQ14,25.58985897,0.034891675
I.HYD.26.4th,UBQ14,25.63920325,0.034891675
I.HYD.26.4th,UBQ14,NA,NA
I.HYD.26.4th,UBQ7,20.23732887,0.135954169
I.HYD.26.4th,UBQ7,20.4295971,0.135954169
I.HYD.26.4th,UBQ7,NA,NA
I.HYD.27.2nd,ACT7,20.30021643,0.048463522
I.HYD.27.2nd,ACT7,20.23167866,0.048463522
I.HYD.27.2nd,ACT7,NA,NA
I.HYD.27.2nd,HYD1,28.73521274,0.02311542
I.HYD.27.2nd,HYD1,28.7025226,0.02311542
I.HYD.27.2nd,HYD1,NA,NA
I.HYD.27.2nd,PP2A1,26.52624461,0.016382992
I.HYD.27.2nd,PP2A1,26.54941366,0.016382992
I.HYD.27.2nd,PP2A1,NA,NA
I.HYD.27.2nd,TBL6,NA,NA
I.HYD.27.2nd,TBL6,NA,NA
I.HYD.27.2nd,TBL6,NA,NA
I.HYD.27.2nd,TMN5,29.83277928,0.005167275
I.HYD.27.2nd,TMN5,29.84008691,0.005167275
I.HYD.27.2nd,TMN5,NA,NA
I.HYD.27.2nd,UBQ14,26.2179385,0.021655329
I.HYD.27.2nd,UBQ14,26.18731324,0.021655329
I.HYD.27.2nd,UBQ14,NA,NA
I.HYD.27.2nd,UBQ7,21.52197959,0.05271911
I.HYD.27.2nd,UBQ7,21.44742351,0.05271911
I.HYD.27.2nd,UBQ7,NA,NA
I.HYD.27.4th,ACT7,20.66679904,0.005045157
I.HYD.27.4th,ACT7,20.67393397,0.005045157
I.HYD.27.4th,ACT7,NA,NA
I.HYD.27.4th,HYD1,29.29037137,0.121206658
I.HYD.27.4th,HYD1,29.46178347,0.121206658
I.HYD.27.4th,HYD1,NA,NA
I.HYD.27.4th,PP2A1,26.28386316,0.068187311
I.HYD.27.4th,PP2A1,26.18743174,0.068187311
I.HYD.27.4th,PP2A1,NA,NA
I.HYD.27.4th,TBL6,NA,NA
I.HYD.27.4th,TBL6,NA,NA
I.HYD.27.4th,TBL6,NA,NA
I.HYD.27.4th,TMN5,30.57440007,0.113530031
I.HYD.27.4th,TMN5,30.73495578,0.113530031
I.HYD.27.4th,TMN5,NA,NA
I.HYD.27.4th,UBQ14,27.4240366,0.173134233
I.HYD.27.4th,UBQ14,27.17918782,0.173134233
I.HYD.27.4th,UBQ14,NA,NA
I.HYD.27.4th,UBQ7,21.52086002,0.0777511
I.HYD.27.4th,UBQ7,21.41090336,0.0777511
I.HYD.27.4th,UBQ7,NA,NA
I.HYD.28.2nd,ACT7,21.82796983,0.034485527
I.HYD.28.2nd,ACT7,21.87673973,0.034485527
I.HYD.28.2nd,ACT7,NA,NA
I.HYD.28.2nd,HYD1,30.1058791,0.022269197
I.HYD.28.2nd,HYD1,30.1373725,0.022269197
I.HYD.28.2nd,HYD1,NA,NA
I.HYD.28.2nd,PP2A1,26.64283908,0.229883978
I.HYD.28.2nd,PP2A1,26.96794412,0.229883978
I.HYD.28.2nd,PP2A1,NA,NA
I.HYD.28.2nd,TBL6,NA,NA
I.HYD.28.2nd,TBL6,NA,NA
I.HYD.28.2nd,TBL6,NA,NA
I.HYD.28.2nd,TMN5,30.74109042,0.00393466
I.HYD.28.2nd,TMN5,30.74665487,0.00393466
I.HYD.28.2nd,TMN5,NA,NA
I.HYD.28.2nd,UBQ14,27.05338319,0.032054451
I.HYD.28.2nd,UBQ14,27.00805135,0.032054451
I.HYD.28.2nd,UBQ14,NA,NA
I.HYD.28.2nd,UBQ7,22.53853641,0.078321558
I.HYD.28.2nd,UBQ7,22.427773,0.078321558
I.HYD.28.2nd,UBQ7,NA,NA
I.HYD.28.4th,ACT7,23.66959838,0.044546985
I.HYD.28.4th,ACT7,23.73259733,0.044546985
I.HYD.28.4th,ACT7,NA,NA
I.HYD.28.4th,HYD1,30.42915474,0.182608855
I.HYD.28.4th,HYD1,30.68740266,0.182608855
I.HYD.28.4th,HYD1,NA,NA
I.HYD.28.4th,PP2A1,29.55149557,0.038812023
I.HYD.28.4th,PP2A1,29.60638406,0.038812023
I.HYD.28.4th,PP2A1,NA,NA
I.HYD.28.4th,TBL6,NA,NA
I.HYD.28.4th,TBL6,NA,NA
I.HYD.28.4th,TBL6,NA,NA
I.HYD.28.4th,TMN5,32.78035509,0.148759795
I.HYD.28.4th,TMN5,32.56997697,0.148759795
I.HYD.28.4th,TMN5,NA,NA
I.HYD.28.4th,UBQ14,29.85794723,0.104091026
I.HYD.28.4th,UBQ14,30.00515417,0.104091026
I.HYD.28.4th,UBQ14,NA,NA
I.HYD.28.4th,UBQ7,24.04328948,0.023641832
I.HYD.28.4th,UBQ7,24.00985488,0.023641832
I.HYD.28.4th,UBQ7,NA,NA
I.HYD.3.2nd,ACT7,20.86267659,0.079423294
I.HYD.3.2nd,ACT7,20.75035509,0.079423294
I.HYD.3.2nd,ACT7,NA,NA
I.HYD.3.2nd,HYD1,30.90012486,0.0002751
I.HYD.3.2nd,HYD1,30.89973581,0.0002751
I.HYD.3.2nd,HYD1,NA,NA
I.HYD.3.2nd,PP2A1,26.77331409,0.082852189
I.HYD.3.2nd,PP2A1,26.89048478,0.082852189
I.HYD.3.2nd,PP2A1,NA,NA
I.HYD.3.2nd,TBL6,NA,NA
I.HYD.3.2nd,TBL6,NA,NA
I.HYD.3.2nd,TBL6,NA,NA
I.HYD.3.2nd,TMN5,31.03567009,0.050262981
I.HYD.3.2nd,TMN5,30.9645875,0.050262981
I.HYD.3.2nd,TMN5,NA,NA
I.HYD.3.2nd,UBQ14,27.09653819,0.015710562
I.HYD.3.2nd,UBQ14,27.0743201,0.015710562
I.HYD.3.2nd,UBQ14,NA,NA
I.HYD.3.2nd,UBQ7,22.40641251,0.043755626
I.HYD.3.2nd,UBQ7,22.46829231,0.043755626
I.HYD.3.2nd,UBQ7,NA,NA
I.HYD.3.4th,ACT7,25.77582498,0.03465734
I.HYD.3.4th,ACT7,25.7268121,0.03465734
I.HYD.3.4th,ACT7,NA,NA
I.HYD.3.4th,HYD1,35.24253824,0.009946235
I.HYD.3.4th,HYD1,35.25660434,0.009946235
I.HYD.3.4th,HYD1,NA,NA
I.HYD.3.4th,PP2A1,33.65966682,0.109505427
I.HYD.3.4th,PP2A1,33.50480276,0.109505427
I.HYD.3.4th,PP2A1,NA,NA
I.HYD.3.4th,TBL6,34.42647377,NA
I.HYD.3.4th,TBL6,NA,NA
I.HYD.3.4th,TBL6,36.7354794,NA
I.HYD.3.4th,TMN5,34.59106519,0.207085519
I.HYD.3.4th,TMN5,34.29820204,0.207085519
I.HYD.3.4th,TMN5,NA,NA
I.HYD.3.4th,UBQ14,31.10446843,0.015898794
I.HYD.3.4th,UBQ14,31.12695272,0.015898794
I.HYD.3.4th,UBQ14,NA,NA
I.HYD.3.4th,UBQ7,34.26174131,0.134264
I.HYD.3.4th,UBQ7,34.45161928,0.134264
I.HYD.3.4th,UBQ7,NA,NA
I.HYD.4.2nd,ACT7,21.45519628,0.041921766
I.HYD.4.2nd,ACT7,21.39590995,0.041921766
I.HYD.4.2nd,ACT7,NA,NA
I.HYD.4.2nd,HYD1,28.12967024,0.002806592
I.HYD.4.2nd,HYD1,28.13363936,0.002806592
I.HYD.4.2nd,HYD1,NA,NA
I.HYD.4.2nd,PP2A1,27.95987657,0.029457121
I.HYD.4.2nd,PP2A1,28.00153523,0.029457121
I.HYD.4.2nd,PP2A1,NA,NA
I.HYD.4.2nd,TBL6,30.76195147,0.238473395
I.HYD.4.2nd,TBL6,31.09920378,0.238473395
I.HYD.4.2nd,TBL6,NA,NA
I.HYD.4.2nd,TMN5,29.88397046,0.085420451
I.HYD.4.2nd,TMN5,30.00477322,0.085420451
I.HYD.4.2nd,TMN5,NA,NA
I.HYD.4.2nd,UBQ14,22.60058351,0.000912012
I.HYD.4.2nd,UBQ14,22.59929373,0.000912012
I.HYD.4.2nd,UBQ14,NA,NA
I.HYD.4.2nd,UBQ7,26.95541005,0.052516071
I.HYD.4.2nd,UBQ7,27.02967899,0.052516071
I.HYD.4.2nd,UBQ7,NA,NA
I.HYD.4.4th,ACT7,22.07539946,0.000347628
I.HYD.4.4th,ACT7,22.07490784,0.000347628
I.HYD.4.4th,ACT7,NA,NA
I.HYD.4.4th,HYD1,29.97098089,0.140981755
I.HYD.4.4th,HYD1,30.1703592,0.140981755
I.HYD.4.4th,HYD1,NA,NA
I.HYD.4.4th,PP2A1,28.34244292,0.121216431
I.HYD.4.4th,PP2A1,28.51386884,0.121216431
I.HYD.4.4th,PP2A1,NA,NA
I.HYD.4.4th,TBL6,32.15478421,NA
I.HYD.4.4th,TBL6,32.04171912,NA
I.HYD.4.4th,TBL6,NA,NA
I.HYD.4.4th,TMN5,30.58301998,0.123975229
I.HYD.4.4th,TMN5,30.75834743,0.123975229
I.HYD.4.4th,TMN5,NA,NA
I.HYD.4.4th,UBQ14,23.69433019,0.000696663
I.HYD.4.4th,UBQ14,23.69531542,0.000696663
I.HYD.4.4th,UBQ14,NA,NA
I.HYD.4.4th,UBQ7,28.10262934,0.016679016
I.HYD.4.4th,UBQ7,28.12621703,0.016679016
I.HYD.4.4th,UBQ7,NA,NA
I.HYD.5.2nd,ACT7,21.60241969,0.058998246
I.HYD.5.2nd,ACT7,21.51898357,0.058998246
I.HYD.5.2nd,ACT7,NA,NA
I.HYD.5.2nd,HYD1,30.15137719,0.002042174
I.HYD.5.2nd,HYD1,30.14848912,0.002042174
I.HYD.5.2nd,HYD1,NA,NA
I.HYD.5.2nd,PP2A1,27.44805216,0.024762703
I.HYD.5.2nd,PP2A1,27.48307191,0.024762703
I.HYD.5.2nd,PP2A1,NA,NA
I.HYD.5.2nd,TBL6,31.07642532,0.344467231
I.HYD.5.2nd,TBL6,31.56357555,0.344467231
I.HYD.5.2nd,TBL6,NA,NA
I.HYD.5.2nd,TMN5,30.77860526,0.053534397
I.HYD.5.2nd,TMN5,30.70289619,0.053534397
I.HYD.5.2nd,TMN5,NA,NA
I.HYD.5.2nd,UBQ14,23.02740674,0.005874742
I.HYD.5.2nd,UBQ14,23.03571488,0.005874742
I.HYD.5.2nd,UBQ14,NA,NA
I.HYD.5.2nd,UBQ7,26.90747649,0.026729004
I.HYD.5.2nd,UBQ7,26.94527701,0.026729004
I.HYD.5.2nd,UBQ7,NA,NA
I.HYD.5.4th,ACT7,20.99154754,0.030641921
I.HYD.5.4th,ACT7,20.94821332,0.030641921
I.HYD.5.4th,ACT7,NA,NA
I.HYD.5.4th,HYD1,32.08052381,0.165860869
I.HYD.5.4th,HYD1,31.84596112,0.165860869
I.HYD.5.4th,HYD1,NA,NA
I.HYD.5.4th,PP2A1,28.06785698,0.035405339
I.HYD.5.4th,PP2A1,28.11792769,0.035405339
I.HYD.5.4th,PP2A1,NA,NA
I.HYD.5.4th,TBL6,31.72082323,0.065145932
I.HYD.5.4th,TBL6,31.81295349,0.065145932
I.HYD.5.4th,TBL6,NA,NA
I.HYD.5.4th,TMN5,31.00987801,0.18407099
I.HYD.5.4th,TMN5,30.74956232,0.18407099
I.HYD.5.4th,TMN5,NA,NA
I.HYD.5.4th,UBQ14,27.28056499,0.041212474
I.HYD.5.4th,UBQ14,27.33884823,0.041212474
I.HYD.5.4th,UBQ14,NA,NA
I.HYD.5.4th,UBQ7,21.9541736,0.007665879
I.HYD.5.4th,UBQ7,21.96501479,0.007665879
I.HYD.5.4th,UBQ7,NA,NA
I.HYD.6.2nd,ACT7,21.83257093,0.005969954
I.HYD.6.2nd,ACT7,21.82412814,0.005969954
I.HYD.6.2nd,ACT7,NA,NA
I.HYD.6.2nd,HYD1,31.52205647,0.147243016
I.HYD.6.2nd,HYD1,31.3138234,0.147243016
I.HYD.6.2nd,HYD1,NA,NA
I.HYD.6.2nd,PP2A1,26.9003405,0.086395791
I.HYD.6.2nd,PP2A1,26.7781584,0.086395791
I.HYD.6.2nd,PP2A1,NA,NA
I.HYD.6.2nd,TBL6,28.0595438,0.006413713
I.HYD.6.2nd,TBL6,28.06861416,0.006413713
I.HYD.6.2nd,TBL6,NA,NA
I.HYD.6.2nd,TMN5,31.23450215,0.112703954
I.HYD.6.2nd,TMN5,31.07511469,0.112703954
I.HYD.6.2nd,TMN5,NA,NA
I.HYD.6.2nd,UBQ14,27.05497217,0.071827193
I.HYD.6.2nd,UBQ14,26.95339318,0.071827193
I.HYD.6.2nd,UBQ14,NA,NA
I.HYD.6.2nd,UBQ7,20.6593292,0.124580463
I.HYD.6.2nd,UBQ7,20.48314582,0.124580463
I.HYD.6.2nd,UBQ7,NA,NA
I.HYD.6.4th,ACT7,20.64951419,0.319207107
I.HYD.6.4th,ACT7,21.10094121,0.319207107
I.HYD.6.4th,ACT7,NA,NA
I.HYD.6.4th,HYD1,29.82865649,0.025784939
I.HYD.6.4th,HYD1,29.8651219,0.025784939
I.HYD.6.4th,HYD1,NA,NA
I.HYD.6.4th,PP2A1,27.1396339,0.392696446
I.HYD.6.4th,PP2A1,26.58427726,0.392696446
I.HYD.6.4th,PP2A1,NA,NA
I.HYD.6.4th,TBL6,29.83449186,0.018008284
I.HYD.6.4th,TBL6,29.8090243,0.018008284
I.HYD.6.4th,TBL6,NA,NA
I.HYD.6.4th,TMN5,29.12102616,0.095216319
I.HYD.6.4th,TMN5,29.25568237,0.095216319
I.HYD.6.4th,TMN5,NA,NA
I.HYD.6.4th,UBQ14,26.42248554,0.231297739
I.HYD.6.4th,UBQ14,26.74958994,0.231297739
I.HYD.6.4th,UBQ14,NA,NA
I.HYD.6.4th,UBQ7,21.69237809,0.082826529
I.HYD.6.4th,UBQ7,21.57524369,0.082826529
I.HYD.6.4th,UBQ7,NA,NA
I.HYD.7.2nd,ACT7,20.53872675,0.025678137
I.HYD.7.2nd,ACT7,20.50241238,0.025678137
I.HYD.7.2nd,ACT7,NA,NA
I.HYD.7.2nd,HYD1,30.26501947,0.147006559
I.HYD.7.2nd,HYD1,30.0571208,0.147006559
I.HYD.7.2nd,HYD1,NA,NA
I.HYD.7.2nd,PP2A1,26.18095617,0.042437112
I.HYD.7.2nd,PP2A1,26.24097131,0.042437112
I.HYD.7.2nd,PP2A1,NA,NA
I.HYD.7.2nd,TBL6,29.10896309,0.116419135
I.HYD.7.2nd,TBL6,29.27360461,0.116419135
I.HYD.7.2nd,TBL6,NA,NA
I.HYD.7.2nd,TMN5,30.02076265,0.300066964
I.HYD.7.2nd,TMN5,30.44512142,0.300066964
I.HYD.7.2nd,TMN5,NA,NA
I.HYD.7.2nd,UBQ14,26.58795964,0.009302435
I.HYD.7.2nd,UBQ14,26.60111527,0.009302435
I.HYD.7.2nd,UBQ14,NA,NA
I.HYD.7.2nd,UBQ7,20.98854899,NA
I.HYD.7.2nd,UBQ7,22.22980887,NA
I.HYD.7.2nd,UBQ7,NA,NA
I.HYD.8.2nd,ACT7,21.3207969,0.015689158
I.HYD.8.2nd,ACT7,21.34298472,0.015689158
I.HYD.8.2nd,ACT7,NA,NA
I.HYD.8.2nd,HYD1,29.6386517,0.075461587
I.HYD.8.2nd,HYD1,29.7453705,0.075461587
I.HYD.8.2nd,HYD1,NA,NA
I.HYD.8.2nd,PP2A1,27.94519471,0.184490537
I.HYD.8.2nd,PP2A1,27.68428569,0.184490537
I.HYD.8.2nd,PP2A1,NA,NA
I.HYD.8.2nd,TBL6,28.89197578,0.153759585
I.HYD.8.2nd,TBL6,29.10942467,0.153759585
I.HYD.8.2nd,TBL6,NA,NA
I.HYD.8.2nd,TMN5,30.77312756,0.034676382
I.HYD.8.2nd,TMN5,30.72408775,0.034676382
I.HYD.8.2nd,TMN5,NA,NA
I.HYD.8.2nd,UBQ14,26.71597357,0.011920661
I.HYD.8.2nd,UBQ14,26.69911521,0.011920661
I.HYD.8.2nd,UBQ14,NA,NA
I.HYD.8.2nd,UBQ7,22.23641763,0.024022822
I.HYD.8.2nd,UBQ7,22.20244423,0.024022822
I.HYD.8.2nd,UBQ7,NA,NA
I.HYD.9.2nd,ACT7,21.20739874,0.032551724
I.HYD.9.2nd,ACT7,21.16136365,0.032551724
I.HYD.9.2nd,ACT7,NA,NA
I.HYD.9.2nd,HYD1,28.11743542,0.106324224
I.HYD.9.2nd,HYD1,28.26780058,0.106324224
I.HYD.9.2nd,HYD1,NA,NA
I.HYD.9.2nd,PP2A1,26.81504684,0.197535123
I.HYD.9.2nd,PP2A1,26.53568999,0.197535123
I.HYD.9.2nd,PP2A1,NA,NA
I.HYD.9.2nd,TBL6,30.21020735,0.001231936
I.HYD.9.2nd,TBL6,30.21194957,0.001231936
I.HYD.9.2nd,TBL6,NA,NA
I.HYD.9.2nd,TMN5,30.07837833,0.143658557
I.HYD.9.2nd,TMN5,29.87521445,0.143658557
I.HYD.9.2nd,TMN5,NA,NA
I.HYD.9.2nd,UBQ14,27.47064701,0.008878051
I.HYD.9.2nd,UBQ14,27.48320247,0.008878051
I.HYD.9.2nd,UBQ14,NA,NA
I.HYD.9.2nd,UBQ7,21.84404149,0.107272978
I.HYD.9.2nd,UBQ7,21.69233459,0.107272978
I.HYD.9.2nd,UBQ7,NA,NA
I.Unif.1.2nd,ACT7,22.92318755,0.060629337
I.Unif.1.2nd,ACT7,22.83744472,0.060629337
I.Unif.1.2nd,ACT7,NA,NA
I.Unif.1.2nd,HYD1,29.24033269,0.043667061
I.Unif.1.2nd,HYD1,29.17857814,0.043667061
I.Unif.1.2nd,HYD1,NA,NA
I.Unif.1.2nd,PP2A1,30.63184706,0.030656975
I.Unif.1.2nd,PP2A1,30.58849155,0.030656975
I.Unif.1.2nd,PP2A1,NA,NA
I.Unif.1.2nd,TBL6,NA,NA
I.Unif.1.2nd,TBL6,NA,NA
I.Unif.1.2nd,TBL6,NA,NA
I.Unif.1.2nd,TMN5,32.84533453,0.144249147
I.Unif.1.2nd,TMN5,33.04933363,0.144249147
I.Unif.1.2nd,TMN5,NA,NA
I.Unif.1.2nd,UBQ14,29.06377853,0.134249448
I.Unif.1.2nd,UBQ14,29.25363592,0.134249448
I.Unif.1.2nd,UBQ14,NA,NA
I.Unif.1.2nd,UBQ7,28.56322359,0.148940383
I.Unif.1.2nd,UBQ7,28.35259008,0.148940383
I.Unif.1.2nd,UBQ7,NA,NA
I.Unif.1.4th,ACT7,21.060855,0.002414961
I.Unif.1.4th,ACT7,21.06427027,0.002414961
I.Unif.1.4th,ACT7,NA,NA
I.Unif.1.4th,HYD1,26.56327708,0.015957321
I.Unif.1.4th,HYD1,26.58584414,0.015957321
I.Unif.1.4th,HYD1,NA,NA
I.Unif.1.4th,PP2A1,27.06804603,0.021921724
I.Unif.1.4th,PP2A1,27.09904803,0.021921724
I.Unif.1.4th,PP2A1,NA,NA
I.Unif.1.4th,TBL6,NA,NA
I.Unif.1.4th,TBL6,NA,NA
I.Unif.1.4th,TBL6,NA,NA
I.Unif.1.4th,TMN5,29.9113367,0.042580888
I.Unif.1.4th,TMN5,29.85111823,0.042580888
I.Unif.1.4th,TMN5,NA,NA
I.Unif.1.4th,UBQ14,27.13698727,0.018830501
I.Unif.1.4th,UBQ14,27.16361762,0.018830501
I.Unif.1.4th,UBQ14,NA,NA
I.Unif.1.4th,UBQ7,21.06453213,0.013594326
I.Unif.1.4th,UBQ7,21.04530685,0.013594326
I.Unif.1.4th,UBQ7,NA,NA
I.Unif.11.2nd,ACT7,21.16071407,0.035413173
I.Unif.11.2nd,ACT7,21.11063228,0.035413173
I.Unif.11.2nd,ACT7,NA,NA
I.Unif.11.2nd,HYD1,27.58496436,0.060023855
I.Unif.11.2nd,HYD1,27.50007781,0.060023855
I.Unif.11.2nd,HYD1,NA,NA
I.Unif.11.2nd,PP2A1,26.48488314,0.025877209
I.Unif.11.2nd,PP2A1,26.52147904,0.025877209
I.Unif.11.2nd,PP2A1,NA,NA
I.Unif.11.2nd,TBL6,NA,NA
I.Unif.11.2nd,TBL6,NA,NA
I.Unif.11.2nd,TBL6,NA,NA
I.Unif.11.2nd,TMN5,29.93200824,0.095362591
I.Unif.11.2nd,TMN5,30.06687131,0.095362591
I.Unif.11.2nd,TMN5,NA,NA
I.Unif.11.2nd,UBQ14,27.41074857,0.074841737
I.Unif.11.2nd,UBQ14,27.51659077,0.074841737
I.Unif.11.2nd,UBQ14,NA,NA
I.Unif.11.2nd,UBQ7,22.0051888,0.125728026
I.Unif.11.2nd,UBQ7,21.82738252,0.125728026
I.Unif.11.2nd,UBQ7,NA,NA
I.Unif.11.4th,ACT7,21.44527334,0.003028418
I.Unif.11.4th,ACT7,21.44099051,0.003028418
I.Unif.11.4th,ACT7,NA,NA
I.Unif.11.4th,HYD1,28.51519983,0.170019852
I.Unif.11.4th,HYD1,28.27475545,0.170019852
I.Unif.11.4th,HYD1,NA,NA
I.Unif.11.4th,PP2A1,28.88819499,0.047025451
I.Unif.11.4th,PP2A1,28.82169096,0.047025451
I.Unif.11.4th,PP2A1,NA,NA
I.Unif.11.4th,TBL6,30.33116709,0.037766283
I.Unif.11.4th,TBL6,30.38457668,0.037766283
I.Unif.11.4th,TBL6,NA,NA
I.Unif.11.4th,TMN5,28.96104793,0.094943829
I.Unif.11.4th,TMN5,29.09531878,0.094943829
I.Unif.11.4th,TMN5,NA,NA
I.Unif.11.4th,UBQ14,24.50870942,0.102879752
I.Unif.11.4th,UBQ14,24.65420336,0.102879752
I.Unif.11.4th,UBQ14,NA,NA
I.Unif.11.4th,UBQ7,29.13076302,0.060510939
I.Unif.11.4th,UBQ7,29.04518763,0.060510939
I.Unif.11.4th,UBQ7,NA,NA
I.Unif.12.2nd,ACT7,21.70040704,0.039536355
I.Unif.12.2nd,ACT7,21.75631989,0.039536355
I.Unif.12.2nd,ACT7,NA,NA
I.Unif.12.2nd,HYD1,28.73612986,0.036987624
I.Unif.12.2nd,HYD1,28.78843826,0.036987624
I.Unif.12.2nd,HYD1,NA,NA
I.Unif.12.2nd,PP2A1,28.12227529,0.048930955
I.Unif.12.2nd,PP2A1,28.19147411,0.048930955
I.Unif.12.2nd,PP2A1,NA,NA
I.Unif.12.2nd,TBL6,NA,NA
I.Unif.12.2nd,TBL6,NA,NA
I.Unif.12.2nd,TBL6,NA,NA
I.Unif.12.2nd,TMN5,30.98339073,0.000555418
I.Unif.12.2nd,TMN5,30.98260525,0.000555418
I.Unif.12.2nd,TMN5,NA,NA
I.Unif.12.2nd,UBQ14,27.19897581,0.138188754
I.Unif.12.2nd,UBQ14,27.39440422,0.138188754
I.Unif.12.2nd,UBQ14,NA,NA
I.Unif.12.2nd,UBQ7,22.69638253,0.059137723
I.Unif.12.2nd,UBQ7,22.7800159,0.059137723
I.Unif.12.2nd,UBQ7,NA,NA
I.Unif.12.4th,ACT7,22.93302568,0.012167278
I.Unif.12.4th,ACT7,22.91581855,0.012167278
I.Unif.12.4th,ACT7,NA,NA
I.Unif.12.4th,HYD1,28.92358468,0.149909112
I.Unif.12.4th,HYD1,28.71158118,0.149909112
I.Unif.12.4th,HYD1,NA,NA
I.Unif.12.4th,PP2A1,29.47506041,0.100915621
I.Unif.12.4th,PP2A1,29.33234417,0.100915621
I.Unif.12.4th,PP2A1,NA,NA
I.Unif.12.4th,TBL6,NA,NA
I.Unif.12.4th,TBL6,NA,NA
I.Unif.12.4th,TBL6,NA,NA
I.Unif.12.4th,TMN5,31.79232323,0.022780774
I.Unif.12.4th,TMN5,31.82454011,0.022780774
I.Unif.12.4th,TMN5,NA,NA
I.Unif.12.4th,UBQ14,30.05007701,0.02344648
I.Unif.12.4th,UBQ14,30.08323534,0.02344648
I.Unif.12.4th,UBQ14,NA,NA
I.Unif.12.4th,UBQ7,24.78350403,0.000859425
I.Unif.12.4th,UBQ7,24.78228862,0.000859425
I.Unif.12.4th,UBQ7,NA,NA
I.Unif.13.2nd,ACT7,22.3015188,0.039472185
I.Unif.13.2nd,ACT7,22.2456967,0.039472185
I.Unif.13.2nd,ACT7,NA,NA
I.Unif.13.2nd,HYD1,27.53176251,0.055603844
I.Unif.13.2nd,HYD1,27.4531268,0.055603844
I.Unif.13.2nd,HYD1,NA,NA
I.Unif.13.2nd,PP2A1,28.22370775,0.049206422
I.Unif.13.2nd,PP2A1,28.15411936,0.049206422
I.Unif.13.2nd,PP2A1,NA,NA
I.Unif.13.2nd,TBL6,31.42471945,0.21643584
I.Unif.13.2nd,TBL6,31.11863295,0.21643584
I.Unif.13.2nd,TBL6,NA,NA
I.Unif.13.2nd,TMN5,31.00552144,0.050755439
I.Unif.13.2nd,TMN5,31.07730047,0.050755439
I.Unif.13.2nd,TMN5,NA,NA
I.Unif.13.2nd,UBQ14,23.33678774,0.013241084
I.Unif.13.2nd,UBQ14,23.31806202,0.013241084
I.Unif.13.2nd,UBQ14,NA,NA
I.Unif.13.2nd,UBQ7,27.66298043,0.037479028
I.Unif.13.2nd,UBQ7,27.71598378,0.037479028
I.Unif.13.2nd,UBQ7,NA,NA
I.Unif.15.2nd,ACT7,21.29698347,0.044498626
I.Unif.15.2nd,ACT7,21.23405291,0.044498626
I.Unif.15.2nd,ACT7,NA,NA
I.Unif.15.2nd,HYD1,29.88321274,0.057565358
I.Unif.15.2nd,HYD1,29.80180303,0.057565358
I.Unif.15.2nd,HYD1,NA,NA
I.Unif.15.2nd,PP2A1,27.76485867,0.00402266
I.Unif.15.2nd,PP2A1,27.75916977,0.00402266
I.Unif.15.2nd,PP2A1,NA,NA
I.Unif.15.2nd,TBL6,33.00511674,0.042161998
I.Unif.15.2nd,TBL6,33.06474281,0.042161998
I.Unif.15.2nd,TBL6,NA,NA
I.Unif.15.2nd,TMN5,32.27371444,0.107887029
I.Unif.15.2nd,TMN5,32.42628974,0.107887029
I.Unif.15.2nd,TMN5,NA,NA
I.Unif.15.2nd,UBQ14,28.1864298,0.16181935
I.Unif.15.2nd,UBQ14,28.41527692,0.16181935
I.Unif.15.2nd,UBQ14,NA,NA
I.Unif.15.2nd,UBQ7,23.0628188,0.018273322
I.Unif.15.2nd,UBQ7,23.08866118,0.018273322
I.Unif.15.2nd,UBQ7,NA,NA
I.Unif.15.4th,ACT7,19.43457025,0.063787834
I.Unif.15.4th,ACT7,19.34436063,0.063787834
I.Unif.15.4th,ACT7,NA,NA
I.Unif.15.4th,HYD1,25.87952125,0.099241991
I.Unif.15.4th,HYD1,25.73917188,0.099241991
I.Unif.15.4th,HYD1,NA,NA
I.Unif.15.4th,PP2A1,24.92377511,0.014680555
I.Unif.15.4th,PP2A1,24.94453655,0.014680555
I.Unif.15.4th,PP2A1,NA,NA
I.Unif.15.4th,TBL6,27.76044473,0.036930292
I.Unif.15.4th,TBL6,27.70821741,0.036930292
I.Unif.15.4th,TBL6,NA,NA
I.Unif.15.4th,TMN5,28.43920397,0.028946717
I.Unif.15.4th,TMN5,28.48014081,0.028946717
I.Unif.15.4th,TMN5,NA,NA
I.Unif.15.4th,UBQ14,25.01022824,0.018527569
I.Unif.15.4th,UBQ14,25.03643018,0.018527569
I.Unif.15.4th,UBQ14,NA,NA
I.Unif.15.4th,UBQ7,20.3046083,10.09270972
I.Unif.15.4th,UBQ7,21.73872985,10.09270972
I.Unif.15.4th,UBQ7,38.45857936,10.09270972
I.Unif.16.2ndd,ACT7,23.24004197,0.017708393
I.Unif.16.2ndd,ACT7,23.26508542,0.017708393
I.Unif.16.2ndd,ACT7,NA,NA
I.Unif.16.2ndd,HYD1,29.70882469,0.021047733
I.Unif.16.2ndd,HYD1,29.6790587,0.021047733
I.Unif.16.2ndd,HYD1,NA,NA
I.Unif.16.2ndd,PP2A1,29.14590758,0.103813585
I.Unif.16.2ndd,PP2A1,28.999093,0.103813585
I.Unif.16.2ndd,PP2A1,NA,NA
I.Unif.16.2ndd,TBL6,NA,NA
I.Unif.16.2ndd,TBL6,NA,NA
I.Unif.16.2ndd,TBL6,NA,NA
I.Unif.16.2ndd,TMN5,31.9401571,0.318749135
I.Unif.16.2ndd,TMN5,32.39093645,0.318749135
I.Unif.16.2ndd,TMN5,NA,NA
I.Unif.16.2ndd,UBQ14,28.37072754,0.029769005
I.Unif.16.2ndd,UBQ14,28.41282727,0.029769005
I.Unif.16.2ndd,UBQ14,NA,NA
I.Unif.16.2ndd,UBQ7,24.01552764,0.038099889
I.Unif.16.2ndd,UBQ7,24.06940902,0.038099889
I.Unif.16.2ndd,UBQ7,NA,NA
I.Unif.16.4th,ACT7,26.70717623,0.129267336
I.Unif.16.4th,ACT7,26.52436461,0.129267336
I.Unif.16.4th,ACT7,NA,NA
I.Unif.16.4th,HYD1,32.60887191,0.095039401
I.Unif.16.4th,HYD1,32.4744659,0.095039401
I.Unif.16.4th,HYD1,NA,NA
I.Unif.16.4th,PP2A1,32.22066193,0.074291297
I.Unif.16.4th,PP2A1,32.11559817,0.074291297
I.Unif.16.4th,PP2A1,NA,NA
I.Unif.16.4th,TBL6,NA,NA
I.Unif.16.4th,TBL6,35.34103367,NA
I.Unif.16.4th,TBL6,36.75402869,NA
I.Unif.16.4th,TMN5,36.65084028,0.906818252
I.Unif.16.4th,TMN5,35.75237737,0.906818252
I.Unif.16.4th,TMN5,37.56598829,0.906818252
I.Unif.16.4th,UBQ14,29.24424736,0.052666529
I.Unif.16.4th,UBQ14,29.16976564,0.052666529
I.Unif.16.4th,UBQ14,NA,NA
I.Unif.16.4th,UBQ7,34.59112629,0.292935007
I.Unif.16.4th,UBQ7,34.17685363,0.292935007
I.Unif.16.4th,UBQ7,NA,NA
I.Unif.17.2nd,ACT7,21.21686894,0.018434726
I.Unif.17.2nd,ACT7,21.1907983,0.018434726
I.Unif.17.2nd,ACT7,NA,NA
I.Unif.17.2nd,HYD1,27.37417896,0.104012848
I.Unif.17.2nd,HYD1,27.52127534,0.104012848
I.Unif.17.2nd,HYD1,NA,NA
I.Unif.17.2nd,PP2A1,27.28316101,0.000439566
I.Unif.17.2nd,PP2A1,27.28378265,0.000439566
I.Unif.17.2nd,PP2A1,NA,NA
I.Unif.17.2nd,TBL6,31.01716077,0.031481037
I.Unif.17.2nd,TBL6,31.06168168,0.031481037
I.Unif.17.2nd,TBL6,NA,NA
I.Unif.17.2nd,TMN5,30.89234289,0.105236291
I.Unif.17.2nd,TMN5,30.7435163,0.105236291
I.Unif.17.2nd,TMN5,NA,NA
I.Unif.17.2nd,UBQ14,27.49397679,0.052866068
I.Unif.17.2nd,UBQ14,27.5687407,0.052866068
I.Unif.17.2nd,UBQ14,NA,NA
I.Unif.17.2nd,UBQ7,21.9074963,0.013622914
I.Unif.17.2nd,UBQ7,21.92676201,0.013622914
I.Unif.17.2nd,UBQ7,NA,NA
I.Unif.17.4th,ACT7,20.57952306,0.057643048
I.Unif.17.4th,ACT7,20.49800348,0.057643048
I.Unif.17.4th,ACT7,NA,NA
I.Unif.17.4th,PP2A1,26.16122902,0.022463481
I.Unif.17.4th,PP2A1,26.12946086,0.022463481
I.Unif.17.4th,PP2A1,NA,NA
I.Unif.17.4th,TBL6,NA,NA
I.Unif.17.4th,TBL6,NA,NA
I.Unif.17.4th,TBL6,NA,NA
I.Unif.17.4th,TMN5,29.05802152,0.065420416
I.Unif.17.4th,TMN5,29.15053996,0.065420416
I.Unif.17.4th,TMN5,NA,NA
I.Unif.18.2nd,ACT7,20.40066452,0.074447292
I.Unif.18.2nd,ACT7,20.50594889,0.074447292
I.Unif.18.2nd,ACT7,NA,NA
I.Unif.18.2nd,HYD1,26.57747069,0.12757074
I.Unif.18.2nd,HYD1,26.75788296,0.12757074
I.Unif.18.2nd,HYD1,NA,NA
I.Unif.18.2nd,PP2A1,26.68973027,0.172338872
I.Unif.18.2nd,PP2A1,26.93345424,0.172338872
I.Unif.18.2nd,PP2A1,NA,NA
I.Unif.18.2nd,TBL6,28.68622367,0.008414252
I.Unif.18.2nd,TBL6,28.69812322,0.008414252
I.Unif.18.2nd,TBL6,NA,NA
I.Unif.18.2nd,TMN5,29.48881799,0.141875602
I.Unif.18.2nd,TMN5,29.28817559,0.141875602
I.Unif.18.2nd,TMN5,NA,NA
I.Unif.18.2nd,UBQ14,21.74664245,0.033960818
I.Unif.18.2nd,UBQ14,21.6986146,0.033960818
I.Unif.18.2nd,UBQ14,NA,NA
I.Unif.18.2nd,UBQ7,25.86323147,0.05724431
I.Unif.18.2nd,UBQ7,25.94418715,0.05724431
I.Unif.18.2nd,UBQ7,NA,NA
I.Unif.18.4th,ACT7,22.52359025,0.014755006
I.Unif.18.4th,ACT7,22.54445698,0.014755006
I.Unif.18.4th,ACT7,NA,NA
I.Unif.18.4th,HYD1,29.0134919,0.087297544
I.Unif.18.4th,HYD1,29.13694927,0.087297544
I.Unif.18.4th,HYD1,NA,NA
I.Unif.18.4th,PP2A1,28.20834384,0.01124263
I.Unif.18.4th,PP2A1,28.19244436,0.01124263
I.Unif.18.4th,PP2A1,NA,NA
I.Unif.18.4th,TBL6,30.38103278,0.048511174
I.Unif.18.4th,TBL6,30.44963794,0.048511174
I.Unif.18.4th,TBL6,NA,NA
I.Unif.18.4th,TMN5,31.28176453,0.264229696
I.Unif.18.4th,TMN5,31.65544175,0.264229696
I.Unif.18.4th,TMN5,NA,NA
I.Unif.18.4th,UBQ14,27.39688837,0.117666394
I.Unif.18.4th,UBQ14,27.56329378,0.117666394
I.Unif.18.4th,UBQ14,NA,NA
I.Unif.18.4th,UBQ7,21.8500248,0.094047111
I.Unif.18.4th,UBQ7,21.9830275,0.094047111
I.Unif.18.4th,UBQ7,NA,NA
I.Unif.19.2nd,ACT7,21.02675598,0.156710667
I.Unif.19.2nd,ACT7,20.80513363,0.156710667
I.Unif.19.2nd,ACT7,NA,NA
I.Unif.19.2nd,HYD1,28.64874087,0.024595422
I.Unif.19.2nd,HYD1,28.68352405,0.024595422
I.Unif.19.2nd,HYD1,NA,NA
I.Unif.19.2nd,PP2A1,27.11468948,0.004562097
I.Unif.19.2nd,PP2A1,27.1082377,0.004562097
I.Unif.19.2nd,PP2A1,NA,NA
I.Unif.19.2nd,TBL6,NA,NA
I.Unif.19.2nd,TBL6,NA,NA
I.Unif.19.2nd,TBL6,NA,NA
I.Unif.19.2nd,TMN5,30.7474004,0.181350128
I.Unif.19.2nd,TMN5,31.00386821,0.181350128
I.Unif.19.2nd,TMN5,NA,NA
I.Unif.19.2nd,UBQ14,26.67370742,0.118645044
I.Unif.19.2nd,UBQ14,26.84149685,0.118645044
I.Unif.19.2nd,UBQ14,NA,NA
I.Unif.19.2nd,UBQ7,20.9703582,0.081131587
I.Unif.19.2nd,UBQ7,20.85562081,0.081131587
I.Unif.19.2nd,UBQ7,NA,NA
I.Unif.2.2nd,ACT7,21.95588152,0.105521545
I.Unif.2.2nd,ACT7,22.10511152,0.105521545
I.Unif.2.2nd,ACT7,NA,NA
I.Unif.2.2nd,HYD1,28.5650318,0.00643656
I.Unif.2.2nd,HYD1,28.57413447,0.00643656
I.Unif.2.2nd,HYD1,NA,NA
I.Unif.2.2nd,PP2A1,27.18399115,0.058123004
I.Unif.2.2nd,PP2A1,27.10179281,0.058123004
I.Unif.2.2nd,PP2A1,NA,NA
I.Unif.2.2nd,TBL6,29.52431665,0.019889874
I.Unif.2.2nd,TBL6,29.49618812,0.019889874
I.Unif.2.2nd,TBL6,NA,NA
I.Unif.2.2nd,TMN5,30.84054631,0.352406739
I.Unif.2.2nd,TMN5,30.34216792,0.352406739
I.Unif.2.2nd,TMN5,NA,NA
I.Unif.2.2nd,UBQ14,27.70330591,0.271628218
I.Unif.2.2nd,UBQ14,27.3191656,0.271628218
I.Unif.2.2nd,UBQ14,NA,NA
I.Unif.2.2nd,UBQ7,20.88353481,0.921089311
I.Unif.2.2nd,UBQ7,21.98073897,0.921089311
I.Unif.2.2nd,UBQ7,22.71366872,0.921089311
I.Unif.2.4th,ACT7,21.0449202,0.083339513
I.Unif.2.4th,ACT7,20.92706033,0.083339513
I.Unif.2.4th,ACT7,NA,NA
I.Unif.2.4th,HYD1,27.20227456,0.076778637
I.Unif.2.4th,HYD1,27.09369317,0.076778637
I.Unif.2.4th,HYD1,NA,NA
I.Unif.2.4th,PP2A1,27.02528163,0.012013157
I.Unif.2.4th,PP2A1,27.0422708,0.012013157
I.Unif.2.4th,PP2A1,NA,NA
I.Unif.2.4th,TBL6,30.12179265,0.179311617
I.Unif.2.4th,TBL6,29.86820773,0.179311617
I.Unif.2.4th,TBL6,NA,NA
I.Unif.2.4th,TMN5,29.76779511,0.024897491
I.Unif.2.4th,TMN5,29.73258474,0.024897491
I.Unif.2.4th,TMN5,NA,NA
I.Unif.2.4th,UBQ14,27.17431952,0.033651353
I.Unif.2.4th,UBQ14,27.12672932,0.033651353
I.Unif.2.4th,UBQ14,NA,NA
I.Unif.2.4th,UBQ7,21.41760566,0.004159817
I.Unif.2.4th,UBQ7,21.41172279,0.004159817
I.Unif.2.4th,UBQ7,NA,NA
I.Unif.20.2nd,ACT7,21.48328437,0.022356906
I.Unif.20.2nd,ACT7,21.51490181,0.022356906
I.Unif.20.2nd,ACT7,NA,NA
I.Unif.20.2nd,HYD1,27.33159363,0.030789968
I.Unif.20.2nd,HYD1,27.37513722,0.030789968
I.Unif.20.2nd,HYD1,NA,NA
I.Unif.20.2nd,PP2A1,27.07777862,0.118791931
I.Unif.20.2nd,PP2A1,26.90978146,0.118791931
I.Unif.20.2nd,PP2A1,NA,NA
I.Unif.20.2nd,TBL6,NA,NA
I.Unif.20.2nd,TBL6,NA,NA
I.Unif.20.2nd,TBL6,NA,NA
I.Unif.20.2nd,TMN5,30.0909379,0.01087072
I.Unif.20.2nd,TMN5,30.07556438,0.01087072
I.Unif.20.2nd,TMN5,NA,NA
I.Unif.20.2nd,UBQ14,27.03473957,0.044082529
I.Unif.20.2nd,UBQ14,26.97239746,0.044082529
I.Unif.20.2nd,UBQ14,NA,NA
I.Unif.20.2nd,UBQ7,21.25082319,0.073851378
I.Unif.20.2nd,UBQ7,21.35526481,0.073851378
I.Unif.20.2nd,UBQ7,NA,NA
I.Unif.20.4th,ACT7,30.71706627,0.298660557
I.Unif.20.4th,ACT7,31.13943608,0.298660557
I.Unif.20.4th,ACT7,NA,NA
I.Unif.20.4th,HYD1,32.03543539,0.058549545
I.Unif.20.4th,HYD1,32.11823695,0.058549545
I.Unif.20.4th,HYD1,NA,NA
I.Unif.20.4th,PP2A1,35.27186764,0.264725555
I.Unif.20.4th,PP2A1,34.89748917,0.264725555
I.Unif.20.4th,PP2A1,NA,NA
I.Unif.20.4th,TBL6,NA,NA
I.Unif.20.4th,TBL6,NA,NA
I.Unif.20.4th,TBL6,NA,NA
I.Unif.20.4th,TMN5,34.62925413,0.099547907
I.Unif.20.4th,TMN5,34.77003613,0.099547907
I.Unif.20.4th,TMN5,NA,NA
I.Unif.20.4th,UBQ14,NA,NA
I.Unif.20.4th,UBQ14,37.24512643,NA
I.Unif.20.4th,UBQ14,35.2874384,NA
I.Unif.20.4th,UBQ7,30.36946036,0.176580289
I.Unif.20.4th,UBQ7,30.6191826,0.176580289
I.Unif.20.4th,UBQ7,NA,NA
I.Unif.21.4th,ACT7,23.33108225,0.07610393
I.Unif.21.4th,ACT7,23.22345504,0.07610393
I.Unif.21.4th,ACT7,NA,NA
I.Unif.21.4th,HYD1,30.60486294,0.021848009
I.Unif.21.4th,HYD1,30.63576069,0.021848009
I.Unif.21.4th,HYD1,NA,NA
I.Unif.21.4th,PP2A1,30.83378626,0.288243728
I.Unif.21.4th,PP2A1,30.42614807,0.288243728
I.Unif.21.4th,PP2A1,NA,NA
I.Unif.21.4th,TBL6,34.39588043,0.207472929
I.Unif.21.4th,TBL6,34.68929146,0.207472929
I.Unif.21.4th,TBL6,NA,NA
I.Unif.21.4th,TMN5,32.69448213,0.011673074
I.Unif.21.4th,TMN5,32.67797391,0.011673074
I.Unif.21.4th,TMN5,NA,NA
I.Unif.21.4th,UBQ14,25.90571779,0.039337432
I.Unif.21.4th,UBQ14,25.85008626,0.039337432
I.Unif.21.4th,UBQ14,NA,NA
I.Unif.21.4th,UBQ7,30.81351109,0.155086831
I.Unif.21.4th,UBQ7,31.03283699,0.155086831
I.Unif.21.4th,UBQ7,NA,NA
I.Unif.23.2nd,ACT7,22.48915136,0.073139625
I.Unif.23.2nd,ACT7,22.38571631,0.073139625
I.Unif.23.2nd,ACT7,NA,NA
I.Unif.23.2nd,HYD1,28.83562321,0.045227448
I.Unif.23.2nd,HYD1,28.89958448,0.045227448
I.Unif.23.2nd,HYD1,NA,NA
I.Unif.23.2nd,PP2A1,28.50150047,0.0622399
I.Unif.23.2nd,PP2A1,28.58952098,0.0622399
I.Unif.23.2nd,PP2A1,NA,NA
I.Unif.23.2nd,TBL6,31.86751892,NA
I.Unif.23.2nd,TBL6,31.08983281,NA
I.Unif.23.2nd,TBL6,NA,NA
I.Unif.23.2nd,TMN5,32.1379409,0.029352922
I.Unif.23.2nd,TMN5,32.1794522,0.029352922
I.Unif.23.2nd,TMN5,NA,NA
I.Unif.23.2nd,UBQ14,22.52752912,0.051733891
I.Unif.23.2nd,UBQ14,22.45436635,0.051733891
I.Unif.23.2nd,UBQ14,NA,NA
I.Unif.23.2nd,UBQ7,28.0893807,0.005200721
I.Unif.23.2nd,UBQ7,28.09673563,0.005200721
I.Unif.23.2nd,UBQ7,NA,NA
I.Unif.24.2nd,ACT7,23.75168782,0.08620372
I.Unif.24.2nd,ACT7,23.62977735,0.08620372
I.Unif.24.2nd,ACT7,NA,NA
I.Unif.24.2nd,HYD1,30.17801304,0.186462092
I.Unif.24.2nd,HYD1,30.44171026,0.186462092
I.Unif.24.2nd,HYD1,NA,NA
I.Unif.24.2nd,PP2A1,30.34706745,0.015897153
I.Unif.24.2nd,PP2A1,30.36954942,0.015897153
I.Unif.24.2nd,PP2A1,NA,NA
I.Unif.24.2nd,TBL6,NA,NA
I.Unif.24.2nd,TBL6,NA,NA
I.Unif.24.2nd,TBL6,NA,NA
I.Unif.24.2nd,TMN5,33.28129032,0.067148656
I.Unif.24.2nd,TMN5,33.37625286,0.067148656
I.Unif.24.2nd,TMN5,NA,NA
I.Unif.24.2nd,UBQ14,29.18650608,0.004246749
I.Unif.24.2nd,UBQ14,29.19251189,0.004246749
I.Unif.24.2nd,UBQ14,NA,NA
I.Unif.24.2nd,UBQ7,24.75728172,0.074785148
I.Unif.24.2nd,UBQ7,24.86304389,0.074785148
I.Unif.24.2nd,UBQ7,NA,NA
I.Unif.24.4th,ACT7,21.24225567,0.0172314
I.Unif.24.4th,ACT7,21.21788679,0.0172314
I.Unif.24.4th,ACT7,NA,NA
I.Unif.24.4th,HYD1,26.3558729,0.020341793
I.Unif.24.4th,HYD1,26.38464054,0.020341793
I.Unif.24.4th,HYD1,NA,NA
I.Unif.24.4th,PP2A1,27.6402598,0.111667307
I.Unif.24.4th,PP2A1,27.79818122,0.111667307
I.Unif.24.4th,PP2A1,NA,NA
I.Unif.24.4th,TBL6,29.57678636,0.065968601
I.Unif.24.4th,TBL6,29.67008005,0.065968601
I.Unif.24.4th,TBL6,NA,NA
I.Unif.24.4th,TMN5,30.22511017,0.183994969
I.Unif.24.4th,TMN5,30.48531835,0.183994969
I.Unif.24.4th,TMN5,NA,NA
I.Unif.24.4th,UBQ14,22.92813796,0.010375258
I.Unif.24.4th,UBQ14,22.91346513,0.010375258
I.Unif.24.4th,UBQ14,NA,NA
I.Unif.24.4th,UBQ7,26.59333996,0.030255006
I.Unif.24.4th,UBQ7,26.636127,0.030255006
I.Unif.24.4th,UBQ7,NA,NA
I.Unif.3.2nd,ACT7,20.36916754,0.117970266
I.Unif.3.2nd,ACT7,20.20233239,0.117970266
I.Unif.3.2nd,ACT7,NA,NA
I.Unif.3.2nd,HYD1,27.73958106,0.210755785
I.Unif.3.2nd,HYD1,28.03763475,0.210755785
I.Unif.3.2nd,HYD1,NA,NA
I.Unif.3.2nd,PP2A1,27.36121805,0.091145958
I.Unif.3.2nd,PP2A1,27.4901179,0.091145958
I.Unif.3.2nd,PP2A1,NA,NA
I.Unif.3.2nd,TBL6,30.54042178,0.084750913
I.Unif.3.2nd,TBL6,30.66027767,0.084750913
I.Unif.3.2nd,TBL6,NA,NA
I.Unif.3.2nd,TMN5,30.20787875,0.141498403
I.Unif.3.2nd,TMN5,30.40798771,0.141498403
I.Unif.3.2nd,TMN5,NA,NA
I.Unif.3.2nd,UBQ14,26.23533258,0.002529392
I.Unif.3.2nd,UBQ14,26.23890968,0.002529392
I.Unif.3.2nd,UBQ14,NA,NA
I.Unif.3.2nd,UBQ7,22.20941857,0.147823183
I.Unif.3.2nd,UBQ7,22.00036502,0.147823183
I.Unif.3.2nd,UBQ7,NA,NA
I.Unif.3.4th,ACT7,19.68890459,0.081863315
I.Unif.3.4th,ACT7,19.57313238,0.081863315
I.Unif.3.4th,ACT7,NA,NA
I.Unif.3.4th,HYD1,26.44217881,0.000393484
I.Unif.3.4th,HYD1,26.44273528,0.000393484
I.Unif.3.4th,HYD1,NA,NA
I.Unif.3.4th,PP2A1,25.9959718,0.082324815
I.Unif.3.4th,PP2A1,25.87954693,0.082324815
I.Unif.3.4th,PP2A1,NA,NA
I.Unif.3.4th,TBL6,30.33404056,0.179506127
I.Unif.3.4th,TBL6,30.08018056,0.179506127
I.Unif.3.4th,TBL6,NA,NA
I.Unif.3.4th,TMN5,28.52088812,0.122198878
I.Unif.3.4th,TMN5,28.69370343,0.122198878
I.Unif.3.4th,TMN5,NA,NA
I.Unif.3.4th,UBQ14,25.3978139,0.020378457
I.Unif.3.4th,UBQ14,25.42663339,0.020378457
I.Unif.3.4th,UBQ14,NA,NA
I.Unif.3.4th,UBQ7,20.83767163,NA
I.Unif.3.4th,UBQ7,21.87558334,NA
I.Unif.3.4th,UBQ7,NA,NA
I.Unif.5.2nd,ACT7,22.59052031,0.060618843
I.Unif.5.2nd,ACT7,22.50479232,0.060618843
I.Unif.5.2nd,ACT7,NA,NA
I.Unif.5.2nd,HYD1,28.54433268,0.027573198
I.Unif.5.2nd,HYD1,28.58332707,0.027573198
I.Unif.5.2nd,HYD1,NA,NA
I.Unif.5.2nd,PP2A1,28.1441817,0.030118124
I.Unif.5.2nd,PP2A1,28.18677516,0.030118124
I.Unif.5.2nd,PP2A1,NA,NA
I.Unif.5.2nd,TBL6,31.97280374,0.242105888
I.Unif.5.2nd,TBL6,31.63041431,0.242105888
I.Unif.5.2nd,TBL6,NA,NA
I.Unif.5.2nd,TMN5,30.63707022,0.297565489
I.Unif.5.2nd,TMN5,31.05789137,0.297565489
I.Unif.5.2nd,TMN5,NA,NA
I.Unif.5.2nd,UBQ14,28.29241972,0.070001768
I.Unif.5.2nd,UBQ14,28.19342227,0.070001768
I.Unif.5.2nd,UBQ14,NA,NA
I.Unif.5.2nd,UBQ7,24.40168368,0.007177996
I.Unif.5.2nd,UBQ7,24.39153246,0.007177996
I.Unif.5.2nd,UBQ7,NA,NA
I.Unif.6.2nd,ACT7,20.53464949,0.075451815
I.Unif.6.2nd,ACT7,20.64135447,0.075451815
I.Unif.6.2nd,ACT7,NA,NA
I.Unif.6.2nd,HYD1,26.49180873,0.074857244
I.Unif.6.2nd,HYD1,26.59767286,0.074857244
I.Unif.6.2nd,HYD1,NA,NA
I.Unif.6.2nd,PP2A1,26.45753564,0.123833864
I.Unif.6.2nd,PP2A1,26.63266317,0.123833864
I.Unif.6.2nd,PP2A1,NA,NA
I.Unif.6.2nd,TBL6,28.91643322,0.174859022
I.Unif.6.2nd,TBL6,28.66914522,0.174859022
I.Unif.6.2nd,TBL6,NA,NA
I.Unif.6.2nd,TMN5,29.72630908,0.234423024
I.Unif.6.2nd,TMN5,30.0578333,0.234423024
I.Unif.6.2nd,TMN5,NA,NA
I.Unif.6.2nd,UBQ14,21.79044744,0.049914936
I.Unif.6.2nd,UBQ14,21.86103782,0.049914936
I.Unif.6.2nd,UBQ14,NA,NA
I.Unif.6.2nd,UBQ7,26.30359075,0.001825453
I.Unif.6.2nd,UBQ7,26.30617233,0.001825453
I.Unif.6.2nd,UBQ7,NA,NA
I.Unif.7.2nd,ACT7,20.54433516,0.031832427
I.Unif.7.2nd,ACT7,20.49931731,0.031832427
I.Unif.7.2nd,ACT7,NA,NA
I.Unif.7.2nd,HYD1,27.68576511,0.055573573
I.Unif.7.2nd,HYD1,27.60717221,0.055573573
I.Unif.7.2nd,HYD1,NA,NA
I.Unif.7.2nd,PP2A1,26.36590223,0.015688635
I.Unif.7.2nd,PP2A1,26.34371515,0.015688635
I.Unif.7.2nd,PP2A1,NA,NA
I.Unif.7.2nd,TBL6,NA,NA
I.Unif.7.2nd,TBL6,NA,NA
I.Unif.7.2nd,TBL6,NA,NA
I.Unif.7.2nd,TMN5,31.04338894,0.138631028
I.Unif.7.2nd,TMN5,30.84733506,0.138631028
I.Unif.7.2nd,TMN5,NA,NA
I.Unif.7.2nd,UBQ14,26.92686032,0.007973937
I.Unif.7.2nd,UBQ14,26.91558347,0.007973937
I.Unif.7.2nd,UBQ14,NA,NA
I.Unif.7.2nd,UBQ7,22.34587847,0.010567188
I.Unif.7.2nd,UBQ7,22.33093421,0.010567188
I.Unif.7.2nd,UBQ7,NA,NA
I.Unif.7.4th,ACT7,20.78324853,0.035914059
I.Unif.7.4th,ACT7,20.83403868,0.035914059
I.Unif.7.4th,ACT7,NA,NA
I.Unif.7.4th,HYD1,28.29172994,0.000529192
I.Unif.7.4th,HYD1,28.29098155,0.000529192
I.Unif.7.4th,HYD1,NA,NA
I.Unif.7.4th,PP2A1,26.59874513,0.010333482
I.Unif.7.4th,PP2A1,26.61335888,0.010333482
I.Unif.7.4th,PP2A1,NA,NA
I.Unif.7.4th,TBL6,NA,NA
I.Unif.7.4th,TBL6,NA,NA
I.Unif.7.4th,TBL6,NA,NA
I.Unif.7.4th,TMN5,30.37975528,0.009442732
I.Unif.7.4th,TMN5,30.36640124,0.009442732
I.Unif.7.4th,TMN5,NA,NA
I.Unif.7.4th,UBQ14,27.55133478,0.220502029
I.Unif.7.4th,UBQ14,27.86317174,0.220502029
I.Unif.7.4th,UBQ14,NA,NA
I.Unif.7.4th,UBQ7,21.57543861,0.019808076
I.Unif.7.4th,UBQ7,21.54742576,0.019808076
I.Unif.7.4th,UBQ7,NA,NA
I.Unif.8.2nd,ACT7,22.19067835,0.02316095
I.Unif.8.2nd,ACT7,22.22343288,0.02316095
I.Unif.8.2nd,ACT7,NA,NA
I.Unif.8.2nd,HYD1,28.70018038,0.008645681
I.Unif.8.2nd,HYD1,28.71240722,0.008645681
I.Unif.8.2nd,HYD1,NA,NA
I.Unif.8.2nd,PP2A1,28.07932427,0.101840276
I.Unif.8.2nd,PP2A1,27.93530037,0.101840276
I.Unif.8.2nd,PP2A1,NA,NA
I.Unif.8.2nd,TBL6,30.40624977,0.078421176
I.Unif.8.2nd,TBL6,30.51715406,0.078421176
I.Unif.8.2nd,TBL6,NA,NA
I.Unif.8.2nd,TMN5,31.70619888,0.039500717
I.Unif.8.2nd,TMN5,31.65033643,0.039500717
I.Unif.8.2nd,TMN5,NA,NA
I.Unif.8.2nd,UBQ14,27.23387854,0.006734874
I.Unif.8.2nd,UBQ14,27.24340309,0.006734874
I.Unif.8.2nd,UBQ14,NA,NA
I.Unif.8.2nd,UBQ7,23.54978764,0.038242088
I.Unif.8.2nd,UBQ7,23.60387012,0.038242088
I.Unif.8.2nd,UBQ7,NA,NA
I.Unif.8.4th,ACT7,21.00241467,0.287109119
I.Unif.8.4th,ACT7,20.59638106,0.287109119
I.Unif.8.4th,ACT7,NA,NA
I.Unif.8.4th,HYD1,26.45175466,0.032453974
I.Unif.8.4th,HYD1,26.49765151,0.032453974
I.Unif.8.4th,HYD1,NA,NA
I.Unif.8.4th,PP2A1,26.32022919,0.003351686
I.Unif.8.4th,PP2A1,26.32496919,0.003351686
I.Unif.8.4th,PP2A1,NA,NA
I.Unif.8.4th,TBL6,29.60259041,0.035293064
I.Unif.8.4th,TBL6,29.65250234,0.035293064
I.Unif.8.4th,TBL6,NA,NA
I.Unif.8.4th,TMN5,29.12216035,0.085158312
I.Unif.8.4th,TMN5,29.00172831,0.085158312
I.Unif.8.4th,TMN5,NA,NA
I.Unif.8.4th,UBQ14,26.11882475,0.056665847
I.Unif.8.4th,UBQ14,26.03868714,0.056665847
I.Unif.8.4th,UBQ14,NA,NA
I.Unif.8.4th,UBQ7,20.46490042,0.095334632
I.Unif.8.4th,UBQ7,20.59972395,0.095334632
I.Unif.8.4th,UBQ7,NA,NA
I.Unif.9.2nd,ACT7,20.44301776,0.084597371
I.Unif.9.2nd,ACT7,20.56265651,0.084597371
I.Unif.9.2nd,ACT7,NA,NA
I.Unif.9.2nd,HYD1,27.08662636,0.076323791
I.Unif.9.2nd,HYD1,27.1945645,0.076323791
I.Unif.9.2nd,HYD1,NA,NA
I.Unif.9.2nd,PP2A1,26.50545457,0.036990714
I.Unif.9.2nd,PP2A1,26.4531418,0.036990714
I.Unif.9.2nd,PP2A1,NA,NA
I.Unif.9.2nd,TBL6,NA,NA
I.Unif.9.2nd,TBL6,NA,NA
I.Unif.9.2nd,TBL6,NA,NA
I.Unif.9.2nd,TMN5,29.89894747,0.174996992
I.Unif.9.2nd,TMN5,30.14643059,0.174996992
I.Unif.9.2nd,TMN5,NA,NA
I.Unif.9.2nd,UBQ14,26.1470432,0.000239702
I.Unif.9.2nd,UBQ14,26.14738219,0.000239702
I.Unif.9.2nd,UBQ14,NA,NA
I.Unif.9.2nd,UBQ7,21.8059864,0.059664079
I.Unif.9.2nd,UBQ7,21.89036415,0.059664079
I.Unif.9.2nd,UBQ7,NA,NA
I.Unif.9.4th,ACT7,21.34496202,0.016168286
I.Unif.9.4th,ACT7,21.32209661,0.016168286
I.Unif.9.4th,ACT7,NA,NA
I.Unif.9.4th,HYD1,26.76291953,0.176120359
I.Unif.9.4th,HYD1,27.01199133,0.176120359
I.Unif.9.4th,HYD1,NA,NA
I.Unif.9.4th,PP2A1,27.91080529,0.311913958
I.Unif.9.4th,PP2A1,27.46969234,0.311913958
I.Unif.9.4th,PP2A1,NA,NA
I.Unif.9.4th,TBL6,31.78259329,0.108136772
I.Unif.9.4th,TBL6,31.6296648,0.108136772
I.Unif.9.4th,TBL6,NA,NA
I.Unif.9.4th,TMN5,30.17431984,0.140993528
I.Unif.9.4th,TMN5,29.97492488,0.140993528
I.Unif.9.4th,TMN5,NA,NA
I.Unif.9.4th,UBQ14,22.45324483,0.080485751
I.Unif.9.4th,UBQ14,22.33942079,0.080485751
I.Unif.9.4th,UBQ14,NA,NA
I.Unif.9.4th,UBQ7,27.40257166,0.047810155
I.Unif.9.4th,UBQ7,27.33495789,0.047810155
I.Unif.9.4th,UBQ7,NA,NA
I_GFP.3.2nd,ACT7,22.0174969,0.002601531
I_GFP.3.2nd,ACT7,22.02117602,0.002601531
I_GFP.3.2nd,ACT7,NA,NA
I_GFP.3.2nd,HYD1,29.30315998,0.098253428
I_GFP.3.2nd,HYD1,29.44211131,0.098253428
I_GFP.3.2nd,HYD1,NA,NA
I_GFP.3.2nd,PP2A1,27.69728854,0.135476632
I_GFP.3.2nd,PP2A1,27.50569565,0.135476632
I_GFP.3.2nd,PP2A1,NA,NA
I_GFP.3.2nd,TBL6,NA,NA
I_GFP.3.2nd,TBL6,NA,NA
I_GFP.3.2nd,TBL6,NA,NA
I_GFP.3.2nd,TMN5,31.73715365,0.013256414
I_GFP.3.2nd,TMN5,31.71840625,0.013256414
I_GFP.3.2nd,TMN5,NA,NA
I_GFP.3.2nd,UBQ14,28.08156833,0.065079329
I_GFP.3.2nd,UBQ14,28.1736044,0.065079329
I_GFP.3.2nd,UBQ14,NA,NA
I_GFP.3.2nd,UBQ7,23.61523295,0.058176991
I_GFP.3.2nd,UBQ7,23.69750764,0.058176991
I_GFP.3.2nd,UBQ7,NA,NA
Unif.21.2nd,ACT7,21.06116014,0.080104203
Unif.21.2nd,ACT7,20.94787569,0.080104203
Unif.21.2nd,ACT7,NA,NA
Unif.21.2nd,HYD1,27.20697969,0.056477609
Unif.21.2nd,HYD1,27.28685109,0.056477609
Unif.21.2nd,HYD1,NA,NA
Unif.21.2nd,PP2A1,27.11428166,0.114025642
Unif.21.2nd,PP2A1,26.95302505,0.114025642
Unif.21.2nd,PP2A1,NA,NA
Unif.21.2nd,TBL6,NA,NA
Unif.21.2nd,TBL6,NA,NA
Unif.21.2nd,TBL6,NA,NA
Unif.21.2nd,TMN5,28.98535016,0.03178288
Unif.21.2nd,TMN5,28.94040238,0.03178288
Unif.21.2nd,TMN5,NA,NA
Unif.21.2nd,UBQ14,26.26138462,0.028851371
Unif.21.2nd,UBQ14,26.22058262,0.028851371
Unif.21.2nd,UBQ14,NA,NA
Unif.21.2nd,UBQ7,21.43518245,0.030680833
Unif.21.2nd,UBQ7,21.4785717,0.030680833
Unif.21.2nd,UBQ7,NA,NA